"title","star","url","cover","info","oneSentenceComment"
"肖申克的救赎 / The Shawshank Redemption","9.6","https://movie.douban.com/subject/1292052/","https://img3.doubanio.com/view/photo/s_ratio_poster/public/p480747492.jpg","导演: 弗兰克·德拉邦特 Frank Darabont   主演: 蒂姆·罗宾斯 Tim Robbins /...\n                            1994 / 美国 / 犯罪 剧情","希望让人自由。"
"霸王别姬","9.6","https://movie.douban.com/subject/1291546/","https://img3.doubanio.com/view/photo/s_ratio_poster/public/p1910813120.jpg","导演: 陈凯歌 Kaige Chen   主演: 张国荣 Leslie Cheung / 张丰毅 Fengyi Zha...\n                            1993 / 中国大陆 香港 / 剧情 爱情 同性","风华绝代。"
"这个杀手不太冷 / Léon","9.4","https://movie.douban.com/subject/1295644/","https://img3.doubanio.com/view/photo/s_ratio_poster/public/p511118051.jpg","导演: 吕克·贝松 Luc Besson   主演: 让·雷诺 Jean Reno / 娜塔莉·波特曼 ...\n                            1994 / 法国 / 剧情 动作 犯罪","怪蜀黍和小萝莉不得不说的故事。"
"阿甘正传 / Forrest Gump","9.4","https://movie.douban.com/subject/1292720/","https://img1.doubanio.com/view/photo/s_ratio_poster/public/p510876377.jpg","导演: 罗伯特·泽米吉斯 Robert Zemeckis   主演: 汤姆·汉克斯 Tom Hanks / ...\n                            1994 / 美国 / 剧情 爱情","一部美国近现代史。"
"美丽人生 / La vita è bella","9.5","https://movie.douban.com/subject/1292063/","https://img3.doubanio.com/view/photo/s_ratio_poster/public/p510861873.jpg","导演: 罗伯托·贝尼尼 Roberto Benigni   主演: 罗伯托·贝尼尼 Roberto Beni...\n                            1997 / 意大利 / 剧情 喜剧 爱情 战争","最美的谎言。"
"泰坦尼克号 / Titanic","9.3","https://movie.douban.com/subject/1292722/","https://img3.doubanio.com/view/photo/s_ratio_poster/public/p457760035.jpg","导演: 詹姆斯·卡梅隆 James Cameron   主演: 莱昂纳多·迪卡普里奥 Leonardo...\n                            1997 / 美国 / 剧情 爱情 灾难","失去的才是永恒的。"
"千与千寻 / 千と千尋の神隠し","9.3","https://movie.douban.com/subject/1291561/","https://img3.doubanio.com/view/photo/s_ratio_poster/public/p1606727862.jpg","导演: 宫崎骏 Hayao Miyazaki   主演: 柊瑠美 Rumi Hîragi / 入野自由 Miy...\n                            2001 / 日本 / 剧情 动画 奇幻","最好的宫崎骏，最好的久石让。"
"辛德勒的名单 / Schindler's List","9.5","https://movie.douban.com/subject/1295124/","https://img3.doubanio.com/view/photo/s_ratio_poster/public/p492406163.jpg","导演: 史蒂文·斯皮尔伯格 Steven Spielberg   主演: 连姆·尼森 Liam Neeson...\n                            1993 / 美国 / 剧情 历史 战争","拯救一个人，就是拯救整个世界。"
"盗梦空间 / Inception","9.3","https://movie.douban.com/subject/3541415/","https://img3.doubanio.com/view/photo/s_ratio_poster/public/p513344864.jpg","导演: 克里斯托弗·诺兰 Christopher Nolan   主演: 莱昂纳多·迪卡普里奥 Le...\n                            2010 / 美国 英国 / 剧情 科幻 悬疑 冒险","诺兰给了我们一场无法盗取的梦。"
"忠犬八公的故事 / Hachi: A Dog's Tale","9.3","https://movie.douban.com/subject/3011091/","https://img3.doubanio.com/view/photo/s_ratio_poster/public/p524964016.jpg","导演: 莱塞·霍尔斯道姆 Lasse Hallström   主演: 理查·基尔 Richard Ger...\n                            2009 / 美国 英国 / 剧情","永远都不能忘记你所爱的人。"
"机器人总动员 / WALL·E","9.3","https://movie.douban.com/subject/2131459/","https://img3.doubanio.com/view/photo/s_ratio_poster/public/p1461851991.jpg","导演: 安德鲁·斯坦顿 Andrew Stanton   主演: 本·贝尔特 Ben Burtt / 艾丽...\n                            2008 / 美国 / 爱情 科幻 动画 冒险","小瓦力，大人生。"
"三傻大闹宝莱坞 / 3 Idiots","9.2","https://movie.douban.com/subject/3793023/","https://img3.doubanio.com/view/photo/s_ratio_poster/public/p579729551.jpg","导演: 拉库马·希拉尼 Rajkumar Hirani   主演: 阿米尔·汗 Aamir Khan / 卡...\n                            2009 / 印度 / 剧情 喜剧 爱情 歌舞","英俊版憨豆，高情商版谢耳朵。"
"海上钢琴师 / La leggenda del pianista sull'oceano","9.2","https://movie.douban.com/subject/1292001/","https://img1.doubanio.com/view/photo/s_ratio_poster/public/p511146807.jpg","导演: 朱塞佩·托纳多雷 Giuseppe Tornatore   主演: 蒂姆·罗斯 Tim Roth / ...\n                            1998 / 意大利 / 剧情 音乐","每个人都要走一条自己坚定了的路，就算是粉身碎骨。"
"放牛班的春天 / Les choristes","9.3","https://movie.douban.com/subject/1291549/","https://img3.doubanio.com/view/photo/s_ratio_poster/public/p1910824951.jpg","导演: 克里斯托夫·巴拉蒂 Christophe Barratier   主演: 热拉尔·朱尼奥 Gé...\n                            2004 / 法国 瑞士 德国 / 剧情 音乐","天籁一般的童声，是最接近上帝的存在。"
"楚门的世界 / The Truman Show","9.2","https://movie.douban.com/subject/1292064/","https://img3.doubanio.com/view/photo/s_ratio_poster/public/p479682972.jpg","导演: 彼得·威尔 Peter Weir   主演: 金·凯瑞 Jim Carrey / 劳拉·琳妮 Lau...\n                            1998 / 美国 / 剧情 科幻","如果再也不能见到你，祝你早安，午安，晚安。"
"大话西游之大圣娶亲 / 西遊記大結局之仙履奇緣","9.2","https://movie.douban.com/subject/1292213/","https://img3.doubanio.com/view/photo/s_ratio_poster/public/p2455050536.jpg","导演: 刘镇伟 Jeffrey Lau   主演: 周星驰 Stephen Chow / 吴孟达 Man Tat Ng...\n                            1995 / 香港 中国大陆 / 喜剧 爱情 奇幻 古装","一生所爱。"
"星际穿越 / Interstellar","9.2","https://movie.douban.com/subject/1889243/","https://img3.doubanio.com/view/photo/s_ratio_poster/public/p2206088801.jpg","导演: 克里斯托弗·诺兰 Christopher Nolan   主演: 马修·麦康纳 Matthew Mc...\n                            2014 / 美国 英国 加拿大 冰岛 / 剧情 科幻 冒险","爱是一种力量，让我们超越时空感知它的存在。"
"龙猫 / となりのトトロ","9.2","https://movie.douban.com/subject/1291560/","https://img3.doubanio.com/view/photo/s_ratio_poster/public/p2540924496.jpg","导演: 宫崎骏 Hayao Miyazaki   主演: 日高法子 Noriko Hidaka / 坂本千夏 Ch...\n                            1988 / 日本 / 动画 奇幻 冒险","人人心中都有个龙猫，童年就永远不会消失。"
"教父 / The Godfather","9.2","https://movie.douban.com/subject/1291841/","https://img3.doubanio.com/view/photo/s_ratio_poster/public/p1853232210.jpg","导演: 弗朗西斯·福特·科波拉 Francis Ford Coppola   主演: 马龙·白兰度 M...\n                            1972 / 美国 / 剧情 犯罪","千万不要记恨你的对手，这样会让你失去理智。"
"熔炉 / 도가니","9.3","https://movie.douban.com/subject/5912992/","https://img3.doubanio.com/view/photo/s_ratio_poster/public/p1363250216.jpg","导演: 黄东赫 Dong-hyuk Hwang   主演: 孔侑 Yoo Gong / 郑有美 Yu-mi Jeong ...\n                            2011 / 韩国 / 剧情","我们一路奋战不是为了改变世界，而是为了不让世界改变我们。"
"无间道 / 無間道","9.1","https://movie.douban.com/subject/1307914/","https://img3.doubanio.com/view/photo/s_ratio_poster/public/p2233971046.jpg","导演: 刘伟强 / 麦兆辉   主演: 刘德华 / 梁朝伟 / 黄秋生\n                            2002 / 香港 / 剧情 犯罪 悬疑","香港电影史上永不过时的杰作。"
"疯狂动物城 / Zootopia","9.2","https://movie.douban.com/subject/25662329/","https://img1.doubanio.com/view/photo/s_ratio_poster/public/p2315672647.jpg","导演: 拜伦·霍华德 Byron Howard / 瑞奇·摩尔 Rich Moore   主演: 金妮弗·...\n                            2016 / 美国 / 喜剧 动画 冒险","迪士尼给我们营造的乌托邦就是这样，永远善良勇敢，永远出乎意料。"
"当幸福来敲门 / The Pursuit of Happyness","9.0","https://movie.douban.com/subject/1849031/","https://img3.doubanio.com/view/photo/s_ratio_poster/public/p2220721286.jpg","导演: 加布里尔·穆奇诺 Gabriele Muccino   主演: 威尔·史密斯 Will Smith ...\n                            2006 / 美国 / 剧情 传记 家庭","平民励志片。"
"怦然心动 / Flipped","9.0","https://movie.douban.com/subject/3319755/","https://img3.doubanio.com/view/photo/s_ratio_poster/public/p663036666.jpg","导演: 罗伯·莱纳 Rob Reiner   主演: 玛德琳·卡罗尔 Madeline Carroll / 卡...\n                            2010 / 美国 / 剧情 喜剧 爱情","真正的幸福是来自内心深处。"
"触不可及 / Intouchables","9.2","https://movie.douban.com/subject/6786002/","https://img3.doubanio.com/view/photo/s_ratio_poster/public/p1454261925.jpg","导演: 奥利维·那卡什 Olivier Nakache / 艾力克·托兰达 Eric Toledano   主...\n                            2011 / 法国 / 剧情 喜剧","满满温情的高雅喜剧。"
"乱世佳人 / Gone with the Wind","9.2","https://movie.douban.com/subject/1300267/","https://img3.doubanio.com/view/photo/s_ratio_poster/public/p1963126880.jpg","导演: 维克多·弗莱明 Victor Fleming / 乔治·库克 George Cukor   主演: 费...\n                            1939 / 美国 / 剧情 历史 爱情 战争","Tomorrow is another day."
"蝙蝠侠：黑暗骑士 / The Dark Knight","9.1","https://movie.douban.com/subject/1851857/","https://img3.doubanio.com/view/photo/s_ratio_poster/public/p462657443.jpg","导演: 克里斯托弗·诺兰 Christopher Nolan   主演: 克里斯蒂安·贝尔 Christ...\n                            2008 / 美国 英国 / 剧情 动作 科幻 犯罪 惊悚","无尽的黑暗。"
"活着","9.2","https://movie.douban.com/subject/1292365/","https://img3.doubanio.com/view/photo/s_ratio_poster/public/p2513253791.jpg","导演: 张艺谋 Yimou Zhang   主演: 葛优 You Ge / 巩俐 Li Gong / 姜武 Wu Jiang\n                            1994 / 中国大陆 香港 / 剧情 历史 家庭","张艺谋最好的电影。"
"少年派的奇幻漂流 / Life of Pi","9.0","https://movie.douban.com/subject/1929463/","https://img3.doubanio.com/view/photo/s_ratio_poster/public/p1784592701.jpg","导演: 李安 Ang Lee   主演: 苏拉·沙玛 Suraj Sharma / 伊尔凡·可汗 Irrfan...\n                            2012 / 美国 台湾 英国 加拿大 / 剧情 奇幻 冒险","瑰丽壮观、无人能及的冒险之旅。"
"天堂电影院 / Nuovo Cinema Paradiso","9.2","https://movie.douban.com/subject/1291828/","https://img3.doubanio.com/view/photo/s_ratio_poster/public/p1910901025.jpg","导演: 朱塞佩·托纳多雷 Giuseppe Tornatore   主演: 安东内拉·阿蒂利 Anton...\n                            1988 / 意大利 法国 / 剧情 爱情","那些吻戏，那些青春，都在影院的黑暗里被泪水冲刷得无比清晰。"
"控方证人 / Witness for the Prosecution","9.6","https://movie.douban.com/subject/1296141/","https://img1.doubanio.com/view/photo/s_ratio_poster/public/p1505392928.jpg","导演: 比利·怀尔德 Billy Wilder   主演: 泰隆·鲍华 Tyrone Power / 玛琳·...\n                            1957 / 美国 / 剧情 犯罪 悬疑","比利·怀德满分作品。"
"鬼子来了","9.2","https://movie.douban.com/subject/1291858/","https://img3.doubanio.com/view/photo/s_ratio_poster/public/p1181775734.jpg","导演: 姜文 Wen Jiang   主演: 姜文 Wen Jiang / 香川照之 Teruyuki Kagawa /...\n                            2000 / 中国大陆 / 剧情 历史 战争","对敌人的仁慈，就是对自己残忍。"
"十二怒汉 / 12 Angry Men","9.4","https://movie.douban.com/subject/1293182/","https://img3.doubanio.com/view/photo/s_ratio_poster/public/p2173577632.jpg","导演: Sidney Lumet   主演: 亨利·方达 Henry Fonda / 马丁·鲍尔萨姆 Marti...\n                            1957 / 美国 / 剧情","1957年的理想主义。"
"指环王3：王者无敌 / The Lord of the Rings: The Return of the King","9.1","https://movie.douban.com/subject/1291552/","https://img3.doubanio.com/view/photo/s_ratio_poster/public/p1910825503.jpg","导演: 彼得·杰克逊 Peter Jackson   主演: 维果·莫腾森 Viggo Mortensen / ...\n                            2003 / 美国 新西兰 / 剧情 动作 奇幻 冒险","史诗的终章。"
"天空之城 / 天空の城ラピュタ","9.1","https://movie.douban.com/subject/1291583/","https://img1.doubanio.com/view/photo/s_ratio_poster/public/p1446261379.jpg","导演: 宫崎骏 Hayao Miyazaki   主演: 田中真弓 Mayumi Tanaka / 横泽启子 Ke...\n                            1986 / 日本 / 动画 奇幻 冒险","对天空的追逐，永不停止。"
"摔跤吧！爸爸 / Dangal","9.0","https://movie.douban.com/subject/26387939/","https://img3.doubanio.com/view/photo/s_ratio_poster/public/p2457983084.jpg","导演: 涅提·蒂瓦里 Nitesh Tiwari   主演: 阿米尔·汗 Aamir Khan / 法缇玛...\n                            2016 / 印度 / 剧情 传记 运动 家庭","你不是在为你一个人战斗，你要让千千万万的女性看到女生并不是只能相夫教子。"
"飞屋环游记 / Up","8.9","https://movie.douban.com/subject/2129039/","https://img3.doubanio.com/view/photo/s_ratio_poster/public/p2364094053.jpg","导演: 彼特·道格特 Pete Docter / 鲍勃·彼德森 Bob Peterson   主演: 爱德...\n                            2009 / 美国 / 剧情 喜剧 动画 冒险","最后那些最无聊的事情，才是最值得怀念的。"
"大话西游之月光宝盒 / 西遊記第壹佰零壹回之月光寶盒","8.9","https://movie.douban.com/subject/1299398/","https://img3.doubanio.com/view/photo/s_ratio_poster/public/p1280323646.jpg","导演: 刘镇伟 Jeffrey Lau   主演: 周星驰 Stephen Chow / 吴孟达 Man Tat Ng...\n                            1995 / 香港 中国大陆 / 喜剧 爱情 奇幻 古装","旷古烁今。"
"搏击俱乐部 / Fight Club","9.0","https://movie.douban.com/subject/1292000/","https://img1.doubanio.com/view/photo/s_ratio_poster/public/p1910926158.jpg","导演: 大卫·芬奇 David Fincher   主演: 爱德华·诺顿 Edward Norton / 布拉...\n                            1999 / 美国 德国 / 剧情 动作 悬疑 惊悚","邪恶与平庸蛰伏于同一个母体，在特定的时间互相对峙。"
"罗马假日 / Roman Holiday","9.0","https://movie.douban.com/subject/1293839/","https://img3.doubanio.com/view/photo/s_ratio_poster/public/p2189265085.jpg","导演: 威廉·惠勒 William Wyler   主演: 奥黛丽·赫本 Audrey Hepburn / 格...\n                            1953 / 美国 / 喜剧 剧情 爱情","爱情哪怕只有一天。"
"哈尔的移动城堡 / ハウルの動く城","9.0","https://movie.douban.com/subject/1308807/","https://img3.doubanio.com/view/photo/s_ratio_poster/public/p2174346180.jpg","导演: 宫崎骏 Hayao Miyazaki   主演: 倍赏千惠子 Chieko Baishô / 木村拓...\n                            2004 / 日本 / 动画 奇幻 冒险","带着心爱的人在天空飞翔。"
"闻香识女人 / Scent of a Woman","9.0","https://movie.douban.com/subject/1298624/","https://img1.doubanio.com/view/photo/s_ratio_poster/public/p2550757929.jpg","导演: 马丁·布莱斯 Martin Brest   主演: 阿尔·帕西诺 Al Pacino / 克里斯...\n                            1992 / 美国 / 剧情","史上最美的探戈。"
"窃听风暴 / Das Leben der Anderen","9.1","https://movie.douban.com/subject/1900841/","https://img1.doubanio.com/view/photo/s_ratio_poster/public/p1808872109.jpg","导演: 弗洛里安·亨克尔·冯·多纳斯马尔克 Florian Henckel von Donnersmarck  &n...\n                            2006 / 德国 / 剧情 悬疑","别样人生。"
"辩护人 / 변호인","9.2","https://movie.douban.com/subject/21937445/","https://img3.doubanio.com/view/photo/s_ratio_poster/public/p2158166535.jpg","导演: 杨宇硕 Woo-seok Yang   主演: 宋康昊 Kang-ho Song / 吴达洙 Dal-su O...\n                            2013 / 韩国 / 剧情","电影的现实意义大过电影本身。"
"两杆大烟枪 / Lock, Stock and Two Smoking Barrels","9.1","https://movie.douban.com/subject/1293350/","https://img1.doubanio.com/view/photo/s_ratio_poster/public/p792443418.jpg","导演: Guy Ritchie   主演: Jason Flemyng / Dexter Fletcher / Nick Moran\n                            1998 / 英国 / 剧情 喜剧 犯罪","4个臭皮匠顶个诸葛亮，盖·里奇果然不是盖的。"
"飞越疯人院 / One Flew Over the Cuckoo's Nest","9.1","https://movie.douban.com/subject/1292224/","https://img1.doubanio.com/view/photo/s_ratio_poster/public/p792238287.jpg","导演: 米洛斯·福尔曼 Miloš Forman   主演: 杰克·尼科尔森 Jack Nichols...\n                            1975 / 美国 / 剧情","自由万岁。"
"死亡诗社 / Dead Poets Society","9.0","https://movie.douban.com/subject/1291548/","https://img3.doubanio.com/view/photo/s_ratio_poster/public/p1910824340.jpg","导演: 彼得·威尔 Peter Weir   主演: 罗宾·威廉姆斯 Robin Williams / 罗伯...\n                            1989 / 美国 / 剧情","当一个死水般的体制内出现一个活跃的变数时，所有的腐臭都站在了光明的对面。"
"末代皇帝 / The Last Emperor","9.1","https://movie.douban.com/subject/1293172/","https://img3.doubanio.com/view/photo/s_ratio_poster/public/p452089833.jpg","导演: 贝纳尔多·贝托鲁奇 Bernardo Bertolucci   主演: 尊龙 John Lone / 陈...\n                            1987 / 英国 意大利 中国大陆 法国 美国 / 剧情 传记 历史","“不要跟我比惨，我比你更惨”再适合这部电影不过了。"
"指环王2：双塔奇兵 / The Lord of the Rings: The Two Towers","9.0","https://movie.douban.com/subject/1291572/","https://img3.doubanio.com/view/photo/s_ratio_poster/public/p909265336.jpg","导演: 彼得·杰克逊 Peter Jackson   主演: 伊利亚·伍德 Elijah Wood / 西恩...\n                            2002 / 美国 新西兰 / 剧情 动作 奇幻 冒险","承前启后的史诗篇章。"
"V字仇杀队 / V for Vendetta","8.8","https://movie.douban.com/subject/1309046/","https://img3.doubanio.com/view/photo/s_ratio_poster/public/p1465235231.jpg","导演: 詹姆斯·麦克特格 James McTeigue   主演: 娜塔莉·波特曼 Natalie Por...\n                            2005 / 美国 英国 德国 / 剧情 动作 科幻 惊悚","一张面具背后的理想与革命。"
"教父2 / The Godfather: Part Ⅱ","9.1","https://movie.douban.com/subject/1299131/","https://img1.doubanio.com/view/photo/s_ratio_poster/public/p2194138787.jpg","导演: 弗朗西斯·福特·科波拉 Francis Ford Coppola   主演: 阿尔·帕西诺 A...\n                            1974 / 美国 / 剧情 犯罪","优雅的孤独。"
"素媛 / 소원","9.2","https://movie.douban.com/subject/21937452/","https://img3.doubanio.com/view/photo/s_ratio_poster/public/p2118532944.jpg","导演: 李濬益 Jun-ik Lee   主演: 薛景求 Kyung-gu Sol / 严志媛 Ji-won Uhm ...\n                            2013 / 韩国 / 剧情","受过伤害的人总是笑得最开心，因为他们不愿意让身边的人承受一样的痛苦。"
"指环王1：魔戒再现 / The Lord of the Rings: The Fellowship of the Ring","9.0","https://movie.douban.com/subject/1291571/","https://img3.doubanio.com/view/photo/s_ratio_poster/public/p1354436051.jpg","导演: 彼得·杰克逊 Peter Jackson   主演: 伊利亚·伍德 Elijah Wood / 西恩...\n                            2001 / 新西兰 美国 / 剧情 动作 奇幻 冒险","传说的开始。"
"海豚湾 / The Cove","9.3","https://movie.douban.com/subject/3442220/","https://img3.doubanio.com/view/photo/s_ratio_poster/public/p455222172.jpg","导演: 路易·西霍尤斯 Louie Psihoyos   主演: Richard O'Barry / 路易·西霍...\n                            2009 / 美国 / 纪录片","海豚的微笑，是世界上最高明的伪装。"
"饮食男女 / 飲食男女","9.1","https://movie.douban.com/subject/1291818/","https://img3.doubanio.com/view/photo/s_ratio_poster/public/p1910899751.jpg","导演: 李安 Ang Lee   主演: 郎雄 Sihung Lung / 杨贵媚 Kuei-Mei Yang / 吴...\n                            1994 / 台湾 美国 / 剧情 家庭","人生不能像做菜，把所有的料都准备好了才下锅。"
"美丽心灵 / A Beautiful Mind","8.9","https://movie.douban.com/subject/1306029/","https://img3.doubanio.com/view/photo/s_ratio_poster/public/p1665997400.jpg","导演: 朗·霍华德 Ron Howard   主演: 罗素·克劳 Russell Crowe / 艾德·哈...\n                            2001 / 美国 / 传记 剧情","爱是一切逻辑和原由。"
"狮子王 / The Lion King","9.0","https://movie.douban.com/subject/1301753/","https://img1.doubanio.com/view/photo/s_ratio_poster/public/p726659067.jpg","导演: Roger Allers / 罗伯·明可夫 Rob Minkoff   主演: 乔纳森·泰勒·托马...\n                            1994 / 美国 / 剧情 动画 冒险 歌舞 家庭","动物版《哈姆雷特》。"
"寻梦环游记 / Coco","9.0","https://movie.douban.com/subject/20495023/","https://img1.doubanio.com/view/photo/s_ratio_poster/public/p2503997609.jpg","导演: 李·昂克里奇 Lee Unkrich / 阿德里安·莫利纳 Adrian Molina   主演: ...\n                            2017 / 美国 / 喜剧 动画 奇幻 音乐","死亡不是真的逝去，遗忘才是永恒的消亡。"
"情书 / Love Letter","8.9","https://movie.douban.com/subject/1292220/","https://img1.doubanio.com/view/photo/s_ratio_poster/public/p449897379.jpg","导演: 岩井俊二 Shunji Iwai   主演: 中山美穗 Miho Nakayama / 丰川悦司 Ets...\n                            1995 / 日本 / 剧情 爱情","暗恋的极致。"
"钢琴家 / The Pianist","9.1","https://movie.douban.com/subject/1296736/","https://img3.doubanio.com/view/photo/s_ratio_poster/public/p792484461.jpg","导演: 罗曼·波兰斯基 Roman Polanski   主演: 艾德里安·布洛迪 Adrien Brod...\n                            2002 / 法国 德国 英国 波兰 / 剧情 传记 历史 战争 音乐","音乐能化解仇恨。"
"美国往事 / Once Upon a Time in America","9.1","https://movie.douban.com/subject/1292262/","https://img1.doubanio.com/view/photo/s_ratio_poster/public/p477229647.jpg","导演: 赛尔乔·莱翁内 Sergio Leone   主演: 罗伯特·德尼罗 Robert De Niro ...\n                            1984 / 意大利 美国 / 犯罪 剧情","往事如烟，无处祭奠。"
"本杰明·巴顿奇事 / The Curious Case of Benjamin Button","8.8","https://movie.douban.com/subject/1485260/","https://img3.doubanio.com/view/photo/s_ratio_poster/public/p2192535722.jpg","导演: 大卫·芬奇 David Fincher   主演: 凯特·布兰切特 Cate Blanchett / ...\n                            2008 / 美国 / 剧情 爱情 奇幻","在时间之河里感受溺水之苦。"
"小鞋子 / بچههای آسمان","9.2","https://movie.douban.com/subject/1303021/","https://img3.doubanio.com/view/photo/s_ratio_poster/public/p2165511465.jpg","导演: 马基德·马基迪 Majid Majidi   主演: 法拉赫阿米尔·哈什米安 Amir Fa...\n                            1997 / 伊朗 / 剧情 儿童 家庭","奔跑的孩子是天使。"
"黑客帝国 / The Matrix","8.9","https://movie.douban.com/subject/1291843/","https://img1.doubanio.com/view/photo/s_ratio_poster/public/p451926968.jpg","导演: 安迪·沃卓斯基 Andy Wachowski / 拉娜·沃卓斯基 Lana Wachowski   主...\n                            1999 / 美国 澳大利亚 / 动作 科幻","视觉革命。"
"看不见的客人 / Contratiempo","8.8","https://movie.douban.com/subject/26580232/","https://img3.doubanio.com/view/photo/s_ratio_poster/public/p2498971355.jpg","导演: 奥里奥尔·保罗 Oriol Paulo   主演: 马里奥·卡萨斯 Mario Casas / 阿...\n                            2016 / 西班牙 / 剧情 犯罪 悬疑 惊悚","你以为你以为的就是你以为的。"
"西西里的美丽传说 / Malèna","8.8","https://movie.douban.com/subject/1292402/","https://img3.doubanio.com/view/photo/s_ratio_poster/public/p792400696.jpg","导演: 朱塞佩·托纳多雷 Giuseppe Tornatore   主演: 莫妮卡·贝鲁奇 Monica ...\n                            2000 / 意大利 美国 / 剧情 战争 情色","美丽无罪。"
"让子弹飞","8.7","https://movie.douban.com/subject/3742360/","https://img1.doubanio.com/view/photo/s_ratio_poster/public/p1512562287.jpg","导演: 姜文 Wen Jiang   主演: 姜文 Wen Jiang / 葛优 You Ge / 周润发 Yun-F...\n                            2010 / 中国大陆 香港 / 剧情 喜剧 动作 西部","你给我翻译翻译，神马叫做TMD的惊喜。"
"拯救大兵瑞恩 / Saving Private Ryan","8.9","https://movie.douban.com/subject/1292849/","https://img3.doubanio.com/view/photo/s_ratio_poster/public/p1014542496.jpg","导演: 史蒂文·斯皮尔伯格 Steven Spielberg   主演: 汤姆·汉克斯 Tom Hanks...\n                            1998 / 美国 / 剧情 历史 战争","美利坚精神输出大片No1."
"大闹天宫","9.3","https://movie.douban.com/subject/1418019/","https://img1.doubanio.com/view/photo/s_ratio_poster/public/p2184505167.jpg","导演: 万籁鸣 Laiming Wan / 唐澄 Cheng  Tang   主演: 邱岳峰 Yuefeng Qiu /...\n                            1961(中国大陆) / 1964(中国大陆) / 1978(中国大陆) / 2004(中国大陆) / 中国大陆 / 动画 奇幻","经典之作，历久弥新。"
"致命魔术 / The Prestige","8.8","https://movie.douban.com/subject/1780330/","https://img3.doubanio.com/view/photo/s_ratio_poster/public/p480383375.jpg","导演: 克里斯托弗·诺兰 Christopher Nolan   主演: 休·杰克曼 Hugh Jackman...\n                            2006 / 美国 英国 / 剧情 悬疑 惊悚","孪生蝙蝠侠大战克隆金刚狼。"
"哈利·波特与魔法石 / Harry Potter and the Sorcerer's Stone","8.9","https://movie.douban.com/subject/1295038/","https://img3.doubanio.com/view/photo/s_ratio_poster/public/p804947166.jpg","导演: Chris Columbus   主演: Daniel Radcliffe / Emma Watson / Rupert Grint\n                            2001 / 美国 英国 / 奇幻 冒险","童话世界的开端。"
"七宗罪 / Se7en","8.8","https://movie.douban.com/subject/1292223/","https://img3.doubanio.com/view/photo/s_ratio_poster/public/p457631605.jpg","导演: 大卫·芬奇 David Fincher   主演: 摩根·弗里曼 Morgan Freeman / 布...\n                            1995 / 美国 / 剧情 犯罪 悬疑 惊悚","警察抓小偷，老鼠玩死猫。"
"被嫌弃的松子的一生 / 嫌われ松子の一生","8.9","https://movie.douban.com/subject/1787291/","https://img1.doubanio.com/view/photo/s_ratio_poster/public/p453723669.jpg","导演: 中岛哲也 Tetsuya Nakashima   主演: 中谷美纪 Miki Nakatani / 瑛太 E...\n                            2006 / 日本 / 剧情 歌舞","以戏谑来戏谑戏谑。"
"音乐之声 / The Sound of Music","9.0","https://movie.douban.com/subject/1294408/","https://img1.doubanio.com/view/photo/s_ratio_poster/public/p453788577.jpg","导演: 罗伯特·怀斯 Robert Wise   主演: 朱莉·安德鲁斯 Julie Andrews / 克...\n                            1965 / 美国 / 剧情 传记 爱情 歌舞","用音乐化解仇恨，让歌声串起美好。"
"低俗小说 / Pulp Fiction","8.8","https://movie.douban.com/subject/1291832/","https://img3.doubanio.com/view/photo/s_ratio_poster/public/p1910902213.jpg","导演: 昆汀·塔伦蒂诺 Quentin Tarantino   主演: 约翰·特拉沃尔塔 John Tra...\n                            1994 / 美国 / 剧情 喜剧 犯罪","故事的高级讲法。"
"天使爱美丽 / Le fabuleux destin d'Amélie Poulain","8.7","https://movie.douban.com/subject/1292215/","https://img3.doubanio.com/view/photo/s_ratio_poster/public/p803896904.jpg","导演: 让-皮埃尔·热内 Jean-Pierre Jeunet   主演: 奥黛丽·塔图 Audrey Tau...\n                            2001 / 法国 德国 / 喜剧 爱情","法式小清新。"
"沉默的羔羊 / The Silence of the Lambs","8.8","https://movie.douban.com/subject/1293544/","https://img1.doubanio.com/view/photo/s_ratio_poster/public/p1593414327.jpg","导演: 乔纳森·戴米 Jonathan Demme   主演: 朱迪·福斯特 Jodie Foster / 安...\n                            1991 / 美国 / 剧情 犯罪 惊悚","安东尼·霍普金斯的顶级表演。"
"勇敢的心 / Braveheart","8.9","https://movie.douban.com/subject/1294639/","https://img3.doubanio.com/view/photo/s_ratio_poster/public/p1374546770.jpg","导演: 梅尔·吉布森 Mel Gibson   主演: 梅尔·吉布森 Mel Gibson / 苏菲·玛...\n                            1995 / 美国 / 动作 传记 剧情 历史 战争","史诗大片的典范。"
"剪刀手爱德华 / Edward Scissorhands","8.7","https://movie.douban.com/subject/1292370/","https://img1.doubanio.com/view/photo/s_ratio_poster/public/p480956937.jpg","导演: 蒂姆·波顿 Tim Burton   主演: 约翰尼·德普 Johnny Depp / 薇诺娜·...\n                            1990 / 美国 / 剧情 奇幻 爱情","浪漫忧郁的成人童话。"
"蝴蝶效应 / The Butterfly Effect","8.7","https://movie.douban.com/subject/1292343/","https://img1.doubanio.com/view/photo/s_ratio_poster/public/p2209066019.jpg","导演: 埃里克·布雷斯 Eric Bress / J·麦基·格鲁伯 J. Mackye Gruber   主...\n                            2004 / 美国 加拿大 / 剧情 悬疑 科幻 惊悚","人的命运被自己瞬间的抉择改变。"
"猫鼠游戏 / Catch Me If You Can","8.9","https://movie.douban.com/subject/1305487/","https://img3.doubanio.com/view/photo/s_ratio_poster/public/p453924541.jpg","导演: 史蒂文·斯皮尔伯格 Steven Spielberg   主演: 莱昂纳多·迪卡普里奥 L...\n                            2002 / 美国 加拿大 / 传记 犯罪 剧情","骗子大师和执著警探的你追我跑故事。"
"春光乍泄 / 春光乍洩","8.9","https://movie.douban.com/subject/1292679/","https://img3.doubanio.com/view/photo/s_ratio_poster/public/p465939041.jpg","导演: 王家卫 Kar Wai Wong   主演: 张国荣 Leslie Cheung / 梁朝伟 Tony Leu...\n                            1997 / 香港 日本 韩国 / 剧情 爱情 同性","爱情纠缠，男女一致。"
"心灵捕手 / Good Will Hunting","8.8","https://movie.douban.com/subject/1292656/","https://img3.doubanio.com/view/photo/s_ratio_poster/public/p480965695.jpg","导演: 格斯·范·桑特 Gus Van Sant   主演: 马特·达蒙 Matt Damon / 罗宾·...\n                            1997 / 美国 / 剧情","人生中应该拥有这样的一段豁然开朗。"
"布达佩斯大饭店 / The Grand Budapest Hotel","8.8","https://movie.douban.com/subject/11525673/","https://img3.doubanio.com/view/photo/s_ratio_poster/public/p2178872593.jpg","导演: 韦斯·安德森 Wes Anderson   主演: 拉尔夫·费因斯 Ralph Fiennes / ...\n                            2014 / 美国 德国 英国 / 剧情 喜剧 冒险","小清新的故事里注入了大历史的情怀。"
"禁闭岛 / Shutter Island","8.7","https://movie.douban.com/subject/2334904/","https://img1.doubanio.com/view/photo/s_ratio_poster/public/p1832875827.jpg","导演: Martin Scorsese   主演: 莱昂纳多·迪卡普里奥 Leonardo DiCaprio / ...\n                            2010 / 美国 / 剧情 悬疑 惊悚","昔日翩翩少年，今日大腹便便。"
"入殓师 / おくりびと","8.8","https://movie.douban.com/subject/2149806/","https://img1.doubanio.com/view/photo/s_ratio_poster/public/p594972928.jpg","导演: 泷田洋二郎 Yôjirô Takita   主演: 本木雅弘 Masahiro Motoki / ...\n                            2008 / 日本 / 剧情","死可能是一道门，逝去并不是终结，而是超越，走向下一程。"
"穿条纹睡衣的男孩 / The Boy in the Striped Pajamas","9.0","https://movie.douban.com/subject/3008247/","https://img3.doubanio.com/view/photo/s_ratio_poster/public/p1473670352.jpg","导演: 马克·赫尔曼 Mark Herman   主演: 阿萨·巴特菲尔德 Asa Butterfield ...\n                            2008 / 英国 美国 / 剧情 战争","尽管有些不切实际的幻想，这部电影依旧是一部感人肺腑的佳作。"
"幽灵公主 / もののけ姫","8.8","https://movie.douban.com/subject/1297359/","https://img3.doubanio.com/view/photo/s_ratio_poster/public/p1613191025.jpg","导演: 宫崎骏 Hayao Miyazaki   主演: 松田洋治 Yôji Matsuda / 石田百合...\n                            1997 / 日本 / 动画 奇幻 冒险","人与自然的战争史诗。"
"阿凡达 / Avatar","8.7","https://movie.douban.com/subject/1652587/","https://img1.doubanio.com/view/photo/s_ratio_poster/public/p2180085848.jpg","导演: 詹姆斯·卡梅隆 James Cameron   主演: 萨姆·沃辛顿 Sam Worthington ...\n                            2009 / 美国 英国 / 动作 战争 科幻 冒险","绝对意义上的美轮美奂。"
"阳光灿烂的日子","8.8","https://movie.douban.com/subject/1291875/","https://img1.doubanio.com/view/photo/s_ratio_poster/public/p967457079.jpg","导演: 姜文 Wen Jiang   主演: 夏雨 Yu Xia / 宁静 Jing Ning / 陶虹 Hong Tao\n                            1994 / 中国大陆 香港 / 剧情 爱情","一场华丽的意淫。"
"第六感 / The Sixth Sense","8.8","https://movie.douban.com/subject/1297630/","https://img3.doubanio.com/view/photo/s_ratio_poster/public/p2220184425.jpg","导演: M·奈特·沙马兰 M. Night Shyamalan   主演: 布鲁斯·威利斯 Bruce Wi...\n                            1999 / 美国 / 剧情 悬疑 惊悚","深入内心的恐怖，出人意料的结局。"
"玛丽和马克思 / Mary and Max","8.9","https://movie.douban.com/subject/3072124/","https://img1.doubanio.com/view/photo/s_ratio_poster/public/p1820615077.jpg","导演: 亚当·艾略特 Adam Elliot   主演: 托妮·科莱特 Toni Collette / 菲利...\n                            2009 / 澳大利亚 / 剧情 喜剧 动画","你是我最好的朋友，你是我唯一的朋友 。"
"致命ID / Identity","8.7","https://movie.douban.com/subject/1297192/","https://img3.doubanio.com/view/photo/s_ratio_poster/public/p453720880.jpg","导演: James Mangold   主演: John Cusack / Ray Liotta / Amanda Peet\n                            2003 / 美国 / 剧情 悬疑 惊悚","最不可能的那个人永远是最可能的。"
"狩猎 / Jagten","9.1","https://movie.douban.com/subject/6985810/","https://img1.doubanio.com/view/photo/s_ratio_poster/public/p1546987967.jpg","导演: 托马斯·温特伯格 Thomas Vinterberg   主演: 麦斯·米科尔森 Mads Mik...\n                            2012 / 丹麦 瑞典 / 剧情","人言可畏。"
"重庆森林 / 重慶森林","8.7","https://movie.douban.com/subject/1291999/","https://img3.doubanio.com/view/photo/s_ratio_poster/public/p792381411.jpg","导演: 王家卫 Kar Wai Wong   主演: 林青霞 Brigitte Lin / 金城武 Takeshi K...\n                            1994 / 香港 / 剧情 爱情","寂寞没有期限。"
"加勒比海盗 / Pirates of the Caribbean: The Curse of the Black Pearl","8.7","https://movie.douban.com/subject/1298070/","https://img3.doubanio.com/view/photo/s_ratio_poster/public/p1596085504.jpg","导演: 戈尔·维宾斯基 Gore Verbinski   主演: 约翰尼·德普 Johnny Depp / ...\n                            2003 / 美国 / 动作 冒险 奇幻","约翰尼·德普的独角戏。"
"断背山 / Brokeback Mountain","8.7","https://movie.douban.com/subject/1418834/","https://img1.doubanio.com/view/photo/s_ratio_poster/public/p513535588.jpg","导演: 李安 Ang Lee   主演: 希斯·莱杰 Heath Ledger / 杰克·吉伦哈尔 Jake...\n                            2005 / 美国 加拿大 / 剧情 爱情 同性 家庭","每个人心中都有一座断背山。"
"摩登时代 / Modern Times","9.2","https://movie.douban.com/subject/1294371/","https://img3.doubanio.com/view/photo/s_ratio_poster/public/p2173707976.jpg","导演: 查理·卓别林 Charles Chaplin   主演: 查理·卓别林 Charles Chaplin ...\n                            1936 / 美国 / 剧情 喜剧 爱情","大时代中的人生，小人物的悲喜。"
"告白","8.7","https://movie.douban.com/subject/4268598/","https://img3.doubanio.com/view/photo/s_ratio_poster/public/p689520756.jpg","导演: 中岛哲也 Tetsuya Nakashima   主演: 松隆子 Takako Matsu / 冈田将生 ...\n                            2010 / 日本 / 剧情 惊悚","没有一人完全善，也没有一人完全恶。"
"大鱼 / Big Fish","8.8","https://movie.douban.com/subject/1291545/","https://img3.doubanio.com/view/photo/s_ratio_poster/public/p692813374.jpg","导演: 蒂姆·波顿 Tim Burton   主演: 伊万·麦克格雷格 Ewan McGregor / 阿...\n                            2003 / 美国 / 剧情 家庭 奇幻 冒险","抱着梦想而活着的人是幸福的，怀抱梦想而死去的人是不朽的。"
"喜剧之王 / 喜劇之王","8.6","https://movie.douban.com/subject/1302425/","https://img3.doubanio.com/view/photo/s_ratio_poster/public/p1043597424.jpg","导演: 周星驰 Stephen Chow / 李力持 Lik-Chi Lee   主演: 周星驰 Stephen Ch...\n                            1999 / 香港 / 喜剧 剧情 爱情","我是一个演员。"
"一一","9.0","https://movie.douban.com/subject/1292434/","https://img1.doubanio.com/view/photo/s_ratio_poster/public/p2119675128.jpg","导演: 杨德昌 Edward Yang   主演: 吴念真 / 李凯莉 Kelly Lee / 金燕玲 Elai...\n                            2000 / 台湾 日本 / 剧情 爱情 家庭","我们都曾经是一一。"
"消失的爱人 / Gone Girl","8.7","https://movie.douban.com/subject/21318488/","https://img3.doubanio.com/view/photo/s_ratio_poster/public/p2221768894.jpg","导演: 大卫·芬奇 David Fincher   主演: 本·阿弗莱克 Ben Affleck / 罗莎蒙...\n                            2014 / 美国 / 剧情 犯罪 悬疑 惊悚","年度最佳date movie。"
"射雕英雄传之东成西就 / 射鵰英雄傳之東成西就","8.7","https://movie.douban.com/subject/1316510/","https://img3.doubanio.com/view/photo/s_ratio_poster/public/p1993903133.jpg","导演: 刘镇伟 Jeffrey Lau   主演: 梁朝伟 Tony Leung Chiu Wai / 林青霞 Bri...\n                            1993 / 香港 / 喜剧 奇幻 武侠 古装","百看不厌。"
"阳光姐妹淘 / 써니","8.8","https://movie.douban.com/subject/4917726/","https://img1.doubanio.com/view/photo/s_ratio_poster/public/p1374786017.jpg","导演: 姜炯哲 Hyeong-Cheol Kang   主演: 沈恩京 Eun-kyung Shim / 闵孝琳 Hy...\n                            2011 / 韩国 / 剧情 喜剧","再多各自牛逼的时光，也比不上一起傻逼的岁月。"
"甜蜜蜜","8.8","https://movie.douban.com/subject/1305164/","https://img3.doubanio.com/view/photo/s_ratio_poster/public/p1962839732.jpg","导演: 陈可辛 Peter Chan   主演: 黎明 Leon Lai / 张曼玉 Maggie Cheung / ...\n                            1996 / 香港 / 剧情 爱情","相逢只要一瞬间，等待却像是一辈子。"
"爱在黎明破晓前 / Before Sunrise","8.8","https://movie.douban.com/subject/1296339/","https://img3.doubanio.com/view/photo/s_ratio_poster/public/p452582315.jpg","导演: 理查德·林克莱特 Richard Linklater   主演: 伊桑·霍克 Ethan Hawke ...\n                            1995 / 美国 奥地利 瑞士 / 剧情 爱情","缘分是个连绵词，最美不过一瞬。"
"小森林 夏秋篇 / リトル・フォレスト 夏・秋","9.0","https://movie.douban.com/subject/25814705/","https://img3.doubanio.com/view/photo/s_ratio_poster/public/p2221319641.jpg","导演: 森淳一 Junichi Mori   主演: 桥本爱 Ai Hashimoto / 三浦贵大 Takahir...\n                            2014 / 日本 / 剧情","那些静得只能听见呼吸的日子里，你明白孤独即生活。"
"侧耳倾听 / 耳をすませば","8.8","https://movie.douban.com/subject/1297052/","https://img1.doubanio.com/view/photo/s_ratio_poster/public/p776095349.jpg","导演: 近藤喜文 Yoshifumi Kondo   主演: 本名阳子 Youko Honna / 小林桂树 K...\n                            1995 / 日本 / 剧情 爱情 动画","少女情怀总是诗。"
"红辣椒 / パプリカ","8.9","https://movie.douban.com/subject/1865703/","https://img3.doubanio.com/view/photo/s_ratio_poster/public/p672363704.jpg","导演: 今敏 Satoshi Kon   主演: 林原惠美 Megumi Hayashibara / 江守彻 Toru...\n                            2006 / 日本 / 动画 悬疑 科幻 惊悚","梦的勾结。"
"驯龙高手 / How to Train Your Dragon","8.7","https://movie.douban.com/subject/2353023/","https://img3.doubanio.com/view/photo/s_ratio_poster/public/p2210954024.jpg","导演: 迪恩·德布洛斯 Dean DeBlois / 克里斯·桑德斯 Chris Sanders   主演:...\n                            2010 / 美国 / 动画 奇幻 冒险","和谐的生活离不开摸头与被摸头。"
"倩女幽魂","8.7","https://movie.douban.com/subject/1297447/","https://img3.doubanio.com/view/photo/s_ratio_poster/public/p2414157745.jpg","导演: 程小东 Siu-Tung Ching   主演: 张国荣 Leslie Cheung / 王祖贤 Joey W...\n                            1987 / 香港 / 爱情 奇幻 武侠 古装","两张绝世的脸。"
"恐怖直播 / 더 테러 라이브","8.7","https://movie.douban.com/subject/21360417/","https://img3.doubanio.com/view/photo/s_ratio_poster/public/p2016930906.jpg","导演: 金秉祐 Byeong-woo Kim   主演: 河正宇 Jung-woo Ha / 李璟荣 Kyeong-y...\n                            2013 / 韩国 / 剧情 犯罪 悬疑","恐怖分子的“秋菊打官司”。"
"风之谷 / 風の谷のナウシカ","8.8","https://movie.douban.com/subject/1291585/","https://img3.doubanio.com/view/photo/s_ratio_poster/public/p1917567652.jpg","导演: 宫崎骏 Hayao Miyazaki   主演: 岛本须美 Sumi Shimamoto / 松田洋治 Y...\n                            1984 / 日本 / 动画 奇幻 冒险","动画片的圣经。"
"请以你的名字呼唤我 / Call Me by Your Name","8.8","https://movie.douban.com/subject/26799731/","https://img3.doubanio.com/view/photo/s_ratio_poster/public/p2505525050.jpg","导演: 卢卡·瓜达尼诺 Luca Guadagnino   主演: 艾米·汉莫 Armie Hammer / ...\n                            2017 / 意大利 法国 巴西 美国 荷兰 德国 / 剧情 爱情 同性","沉醉在电影的情感和视听氛围中无法自拔。"
"上帝之城 / Cidade de Deus","8.9","https://movie.douban.com/subject/1292208/","https://img3.doubanio.com/view/photo/s_ratio_poster/public/p455677490.jpg","导演: Kátia Lund / Fernando Meirelles   主演: Alexandre Rodrigues / Lea...\n                            2002 / 巴西 法国 / 犯罪 剧情","被上帝抛弃了的上帝之城。"
"超脱 / Detachment","8.8","https://movie.douban.com/subject/5322596/","https://img3.doubanio.com/view/photo/s_ratio_poster/public/p1305562621.jpg","导演: 托尼·凯耶 Tony Kaye   主演: 艾德里安·布洛迪 Adrien Brody / 马西...\n                            2011 / 美国 / 剧情","穷尽一生，我们要学会的，不过是彼此拥抱。"
"爱在日落黄昏时 / Before Sunset","8.8","https://movie.douban.com/subject/1291990/","https://img3.doubanio.com/view/photo/s_ratio_poster/public/p1910924055.jpg","导演: 理查德·林克莱特 Richard Linklater   主演: 伊桑·霍克 Ethan Hawke ...\n                            2004 / 美国 / 剧情 爱情","九年后的重逢是世俗和责任的交叠，没了悸动和青涩，沧桑而温暖。"
"菊次郎的夏天 / 菊次郎の夏","8.8","https://movie.douban.com/subject/1293359/","https://img3.doubanio.com/view/photo/s_ratio_poster/public/p751835224.jpg","导演: 北野武 Takeshi Kitano   主演: 北野武 Takeshi Kitano / 关口雄介 Yus...\n                            1999 / 日本 / 剧情 喜剧","从没见过那么流氓的温柔，从没见过那么温柔的流氓。"
"幸福终点站 / The Terminal","8.7","https://movie.douban.com/subject/1292274/","https://img3.doubanio.com/view/photo/s_ratio_poster/public/p792263736.jpg","导演: 史蒂文·斯皮尔伯格 Steven Spielberg   主演: 汤姆·汉克斯 Tom Hanks...\n                            2004 / 美国 / 喜剧 剧情 爱情","有时候幸福需要等一等。"
"哈利·波特与死亡圣器(下) / Harry Potter and the Deathly Hallows: Part 2","8.7","https://movie.douban.com/subject/3011235/","https://img3.doubanio.com/view/photo/s_ratio_poster/public/p917846733.jpg","导演: 大卫·叶茨 David Yates   主演: 丹尼尔·雷德克里夫 Daniel Radcliffe...\n                            2011 / 美国 英国 / 剧情 悬疑 奇幻 冒险","10年的完美句点。"
"小森林 冬春篇 / リトル・フォレスト 冬・春","9.0","https://movie.douban.com/subject/25814707/","https://img1.doubanio.com/view/photo/s_ratio_poster/public/p2215147728.jpg","导演: 森淳一 Junichi Mori   主演: 桥本爱 Ai Hashimoto / 三浦贵大 Takahir...\n                            2015 / 日本 / 剧情","尊敬他人，尊敬你生活的这片土地，明白孤独是人生的常态。"
"杀人回忆 / 살인의 추억","8.7","https://movie.douban.com/subject/1300299/","https://img1.doubanio.com/view/photo/s_ratio_poster/public/p480225538.jpg","导演: 奉俊昊 Joon-ho Bong   主演: 宋康昊 Kang-ho Song / 金相庆 Sang-kyun...\n                            2003 / 韩国 / 犯罪 剧情 悬疑 惊悚","关于连环杀人悬案的集体回忆。"
"神偷奶爸 / Despicable Me","8.5","https://movie.douban.com/subject/3287562/","https://img1.doubanio.com/view/photo/s_ratio_poster/public/p792776858.jpg","导演: 皮艾尔·柯芬 Pierre Coffin / 克里斯·雷纳德 Chris Renaud   主演: ...\n                            2010 / 美国 法国 / 喜剧 动画 冒险","Mr. I Don't Care其实也有Care的时候。"
"借东西的小人阿莉埃蒂 / 借りぐらしのアリエッティ","8.7","https://movie.douban.com/subject/4202302/","https://img3.doubanio.com/view/photo/s_ratio_poster/public/p617533616.jpg","导演: 米林宏昌 Hiromasa Yonebayashi   主演: 志田未来 Mirai Shida / 神木...\n                            2010 / 日本 / 动画 奇幻 冒险","曾经的那段美好会沉淀为一辈子的记忆。"
"7号房的礼物 / 7번방의 선물","8.8","https://movie.douban.com/subject/10777687/","https://img3.doubanio.com/view/photo/s_ratio_poster/public/p1816276065.jpg","导演: 李焕庆 Hwan-kyeong Lee   主演: 柳承龙 Seung-yong Ryoo / 朴信惠 Shi...\n                            2013 / 韩国 / 剧情 喜剧 家庭","《我是山姆》的《美丽人生》。"
"萤火之森 / 蛍火の杜へ","8.8","https://movie.douban.com/subject/5989818/","https://img1.doubanio.com/view/photo/s_ratio_poster/public/p1272904657.jpg","导演: 大森贵弘 Takahiro Omori   主演: 佐仓绫音 Ayane Sakura / 内山昂辉 K...\n                            2011 / 日本 / 剧情 爱情 动画 奇幻","触不到的恋人。"
"怪兽电力公司 / Monsters, Inc.","8.6","https://movie.douban.com/subject/1291579/","https://img1.doubanio.com/view/photo/s_ratio_poster/public/p2513247938.jpg","导演: 彼特·道格特 Pete Docter / 大卫·斯沃曼 David Silverman   主演: 约...\n                            2001 / 美国 / 儿童 喜剧 动画 奇幻 冒险","不要给它起名字，起了名字就有感情了。"
"唐伯虎点秋香 / 唐伯虎點秋香","8.5","https://movie.douban.com/subject/1306249/","https://img3.doubanio.com/view/photo/s_ratio_poster/public/p1946455272.jpg","导演: 李力持 Lik-Chi Lee   主演: 周星驰 Stephen Chow / 巩俐 Li Gong / 陈...\n                            1993 / 香港 / 喜剧 爱情 古装","华太师是黄霑，吴镇宇四大才子之一。"
"超能陆战队 / Big Hero 6","8.6","https://movie.douban.com/subject/11026735/","https://img1.doubanio.com/view/photo/s_ratio_poster/public/p2224568669.jpg","导演: 唐·霍尔 Don Hall / 克里斯·威廉姆斯 Chris Williams   主演: 斯科特...\n                            2014 / 美国 / 喜剧 动作 科幻 动画 冒险","Balalala~~~"
"岁月神偷 / 歲月神偷","8.7","https://movie.douban.com/subject/3792799/","https://img3.doubanio.com/view/photo/s_ratio_poster/public/p456666151.jpg","导演: 罗启锐 Alex Law   主演: 吴君如 Sandra Ng / 任达华 Simon Yam / 钟绍...\n                            2010 / 香港 中国大陆 / 剧情 家庭","岁月流逝，来日可追。"
"蝙蝠侠：黑暗骑士崛起 / The Dark Knight Rises","8.7","https://movie.douban.com/subject/3395373/","https://img3.doubanio.com/view/photo/s_ratio_poster/public/p1706428744.jpg","导演: 克里斯托弗·诺兰 Christopher Nolan   主演: 克里斯蒂安·贝尔 Christ...\n                            2012 / 美国 英国 / 剧情 动作 科幻 犯罪 惊悚","诺兰就是保证。"
"七武士 / 七人の侍","9.2","https://movie.douban.com/subject/1295399/","https://img3.doubanio.com/view/photo/s_ratio_poster/public/p647099823.jpg","导演: 黑泽明 Akira Kurosawa   主演: 三船敏郎 Toshirô Mifune / 志村乔 ...\n                            1954 / 日本 / 动作 冒险 剧情","时代悲歌。"
"电锯惊魂 / Saw","8.7","https://movie.douban.com/subject/1417598/","https://img3.doubanio.com/view/photo/s_ratio_poster/public/p2163771304.jpg","导演: 詹姆斯·温 James Wan   主演: 雷·沃纳尔 Leigh Whannell / 加利·艾...\n                            2004 / 美国 / 悬疑 惊悚 恐怖","真相就在眼前。"
"真爱至上 / Love Actually","8.6","https://movie.douban.com/subject/1292401/","https://img3.doubanio.com/view/photo/s_ratio_poster/public/p475600770.jpg","导演: 理查德·柯蒂斯 Richard Curtis   主演: 休·格兰特 Hugh Grant / 柯林...\n                            2003 / 英国 美国 法国 / 喜剧 剧情 爱情","爱，是个动词。"
"谍影重重3 / The Bourne Ultimatum","8.7","https://movie.douban.com/subject/1578507/","https://img1.doubanio.com/view/photo/s_ratio_poster/public/p792223507.jpg","导演: 保罗·格林格拉斯 Paul Greengrass   主演: 马特·达蒙 Matt Damon / ...\n                            2007 / 美国 德国 / 动作 悬疑 惊悚","像吃了苏打饼一样干脆的电影。"
"疯狂原始人 / The Croods","8.7","https://movie.douban.com/subject/1907966/","https://img1.doubanio.com/view/photo/s_ratio_poster/public/p1867084027.jpg","导演: 科克·德·米科 Kirk De Micco / 克里斯·桑德斯 Chris Sanders   主演...\n                            2013 / 美国 / 喜剧 动画 冒险","老少皆宜，这就是好莱坞动画的魅力。"
"喜宴 / 囍宴","8.9","https://movie.douban.com/subject/1303037/","https://img3.doubanio.com/view/photo/s_ratio_poster/public/p2173713676.jpg","导演: 李安 Ang Lee   主演: 赵文瑄 Winston Chao / 郎雄 Sihung Lung / 归亚...\n                            1993 / 台湾 美国 / 剧情 喜剧 爱情 同性 家庭","中国家庭的喜怒哀乐忍。"
"萤火虫之墓 / 火垂るの墓","8.7","https://movie.douban.com/subject/1293318/","https://img1.doubanio.com/view/photo/s_ratio_poster/public/p2237136718.jpg","导演: 高畑勋 Isao Takahata   主演: 辰己努 / 白石绫乃 / 志乃原良子\n                            1988 / 日本 / 动画 剧情 战争","幸福是生生不息，却难以触及的远。"
"东邪西毒 / 東邪西毒","8.6","https://movie.douban.com/subject/1292328/","https://img3.doubanio.com/view/photo/s_ratio_poster/public/p1982176012.jpg","导演: 王家卫 Kar Wai Wong   主演: 张国荣 Leslie Cheung / 林青霞 Brigitte...\n                            1994 / 香港 台湾 / 剧情 动作 爱情 武侠 古装","电影诗。"
"贫民窟的百万富翁 / Slumdog Millionaire","8.5","https://movie.douban.com/subject/2209573/","https://img3.doubanio.com/view/photo/s_ratio_poster/public/p2434249040.jpg","导演: 丹尼·鲍尔 Danny Boyle / 洛芙琳·坦丹 Loveleen Tandan   主演: 戴夫...\n                            2008 / 英国 美国 / 剧情 爱情","上帝之城+猜火车+阿甘正传+开心辞典=山寨富翁"
"英雄本色","8.6","https://movie.douban.com/subject/1297574/","https://img1.doubanio.com/view/photo/s_ratio_poster/public/p2504997087.jpg","导演: 吴宇森 John Woo   主演: 周润发 Yun-Fat Chow / 狄龙 Lung Ti / 张国...\n                            1986 / 香港 / 动作 犯罪","英雄泪短，兄弟情长。"
"无人知晓 / 誰も知らない","9.1","https://movie.douban.com/subject/1292337/","https://img3.doubanio.com/view/photo/s_ratio_poster/public/p661160053.jpg","导演: 是枝裕和 Hirokazu Koreeda   主演: 柳乐优弥 Yûya Yagira / 北浦爱...\n                            2004 / 日本 / 剧情","我的平常生活就是他人的幸福。"
"黑天鹅 / Black Swan","8.5","https://movie.douban.com/subject/1978709/","https://img3.doubanio.com/view/photo/s_ratio_poster/public/p719282906.jpg","导演: 达伦·阿罗诺夫斯基 Darren Aronofsky   主演: 娜塔莉·波特曼 Natalie...\n                            2010 / 美国 / 剧情 惊悚","黑暗之美。"
"记忆碎片 / Memento","8.6","https://movie.douban.com/subject/1304447/","https://img3.doubanio.com/view/photo/s_ratio_poster/public/p641688453.jpg","导演: 克里斯托弗·诺兰 Christopher Nolan   主演: 盖·皮尔斯 Guy Pearce /...\n                            2000 / 美国 / 犯罪 剧情 悬疑 惊悚","一个针管引发的血案。"
"血战钢锯岭 / Hacksaw Ridge","8.7","https://movie.douban.com/subject/26325320/","https://img1.doubanio.com/view/photo/s_ratio_poster/public/p2398141939.jpg","导演: 梅尔·吉布森 Mel Gibson   主演: 安德鲁·加菲尔德 Andrew Garfield /...\n                            2016 / 美国 澳大利亚 / 剧情 传记 历史 战争","优秀的战争片不会美化战场，不会粉饰死亡，不会矮化敌人，不会无视常识，最重要的，不会宣扬战争。"
"心迷宫","8.7","https://movie.douban.com/subject/25917973/","https://img3.doubanio.com/view/photo/s_ratio_poster/public/p2275298525.jpg","导演: 忻钰坤 Yukun Xin   主演: 霍卫民 Weimin Huo / 王笑天 Xiaotian Wang ...\n                            2014 / 中国大陆 / 剧情 犯罪 悬疑","荒诞讽刺，千奇百巧，抽丝剥茧，百转千回。"
"傲慢与偏见 / Pride & Prejudice","8.5","https://movie.douban.com/subject/1418200/","https://img3.doubanio.com/view/photo/s_ratio_poster/public/p452005185.jpg","导演: 乔·怀特 Joe Wright   主演: 凯拉·奈特莉 Keira Knightley / 马修·...\n                            2005 / 法国 英国 美国 / 剧情 爱情","爱是摈弃傲慢与偏见之后的曙光。"
"时空恋旅人 / About Time","8.7","https://movie.douban.com/subject/10577869/","https://img3.doubanio.com/view/photo/s_ratio_poster/public/p2070153774.jpg","导演: 理查德·柯蒂斯 Richard Curtis   主演: 多姆纳尔·格里森 Domhnall Gl...\n                            2013 / 英国 / 喜剧 爱情 奇幻","把每天当作最后一天般珍惜度过，积极拥抱生活，就是幸福。"
"雨人 / Rain Man","8.7","https://movie.douban.com/subject/1291870/","https://img3.doubanio.com/view/photo/s_ratio_poster/public/p942376281.jpg","导演: 巴瑞·莱文森 Barry Levinson   主演: 达斯汀·霍夫曼 Dustin Hoffman ...\n                            1988 / 美国 / 剧情","生活在自己的世界里，也可以让周围的人显得可笑和渺小。"
"荒蛮故事 / Relatos salvajes","8.8","https://movie.douban.com/subject/24750126/","https://img3.doubanio.com/view/photo/s_ratio_poster/public/p2192834364.jpg","导演: 达米安·斯兹弗隆 Damián Szifron   主演: 达里奥·葛兰帝内提 Darío...\n                            2014 / 阿根廷 西班牙 / 剧情 喜剧 犯罪","始于荒诞，止于更荒诞。"
"纵横四海 / 緃横四海","8.7","https://movie.douban.com/subject/1295409/","https://img3.doubanio.com/view/photo/s_ratio_poster/public/p2272146906.jpg","导演: 吴宇森 John Woo   主演: 周润发 Yun-Fat Chow / 张国荣 Leslie Cheung...\n                            1991 / 香港 / 剧情 喜剧 动作 犯罪","香港浪漫主义警匪动作片的巅峰之作。"
"教父3 / The Godfather: Part III","8.8","https://movie.douban.com/subject/1294240/","https://img3.doubanio.com/view/photo/s_ratio_poster/public/p2169664351.jpg","导演: 弗朗西斯·福特·科波拉 Francis Ford Coppola   主演: 阿尔·帕西诺 A...\n                            1990 / 美国 / 剧情 犯罪","任何信念的力量，都无法改变命运。"
"达拉斯买家俱乐部 / Dallas Buyers Club","8.7","https://movie.douban.com/subject/1793929/","https://img1.doubanio.com/view/photo/s_ratio_poster/public/p2166160837.jpg","导演: 让-马克·瓦雷 Jean-Marc Vallée   主演: 马修·麦康纳 Matthew McCon...\n                            2013 / 美国 / 剧情 传记 同性","Jared Leto的腿比女人还美！"
"卢旺达饭店 / Hotel Rwanda","8.9","https://movie.douban.com/subject/1291822/","https://img3.doubanio.com/view/photo/s_ratio_poster/public/p2159368352.jpg","导演: 特瑞·乔治 Terry George   主演: 唐·钱德尔 Don Cheadle / 苏菲·奥...\n                            2004 / 英国 南非 意大利 美国 / 剧情 历史 战争","当这个世界闭上双眼，他却敞开了怀抱。"
"玩具总动员3 / Toy Story 3","8.8","https://movie.douban.com/subject/1858711/","https://img1.doubanio.com/view/photo/s_ratio_poster/public/p1283675359.jpg","导演: 李·昂克里奇 Lee Unkrich   主演: 汤姆·汉克斯 Tom Hanks / 蒂姆·艾...\n                            2010 / 美国 / 喜剧 动画 奇幻 冒险","跨度十五年的欢乐与泪水。"
"花样年华 / 花樣年華","8.6","https://movie.douban.com/subject/1291557/","https://img3.doubanio.com/view/photo/s_ratio_poster/public/p1910828286.jpg","导演: 王家卫 Kar Wai Wong   主演: 梁朝伟 Tony Leung Chiu Wai / 张曼玉 Ma...\n                            2000 / 香港 / 剧情 爱情","偷情本没有这样美。"
"完美的世界 / A Perfect World","9.0","https://movie.douban.com/subject/1300992/","https://img1.doubanio.com/view/photo/s_ratio_poster/public/p2190556408.jpg","导演: 克林特·伊斯特伍德 Clint Eastwood   主演: 凯文·科斯特纳 Kevin Cos...\n                            1993 / 美国 / 剧情 犯罪","坏人的好总是比好人的好来得更感人。"
"海边的曼彻斯特 / Manchester by the Sea","8.6","https://movie.douban.com/subject/25980443/","https://img1.doubanio.com/view/photo/s_ratio_poster/public/p2496940327.jpg","导演: 肯尼斯·罗纳根 Kenneth Lonergan   主演: 卡西·阿弗莱克 Casey Affle...\n                            2016 / 美国 / 剧情 家庭","我们都有权利不与自己的过去和解。"
"海洋 / Océans","9.0","https://movie.douban.com/subject/3443389/","https://img3.doubanio.com/view/photo/s_ratio_poster/public/p497010372.jpg","导演: 雅克·贝汉 Jacques Perrin / 雅克·克鲁奥德 Jacques Cluzaud   主演:...\n                            2009 / 法国 瑞士 西班牙 美国 阿联酋 / 纪录片","大海啊，不全是水。"
"虎口脱险 / La grande vadrouille","8.9","https://movie.douban.com/subject/1296909/","https://img3.doubanio.com/view/photo/s_ratio_poster/public/p2399597512.jpg","导演: 杰拉尔·乌里 Gérard Oury   主演: 路易·德·菲耐斯 Louis de Funès...\n                            1966 / 法国 英国 / 喜剧 战争","永远看不腻的喜剧。"
"恋恋笔记本 / The Notebook","8.5","https://movie.douban.com/subject/1309163/","https://img3.doubanio.com/view/photo/s_ratio_poster/public/p483604864.jpg","导演: 尼克·卡索维茨 Nick Cassavetes   主演: 瑞恩·高斯林 Ryan Gosling /...\n                            2004 / 美国 / 剧情 爱情","爱情没有那么多借口，如果不能圆满，只能说明爱的不够。"
"你看起来好像很好吃 / おまえうまそうだな","8.8","https://movie.douban.com/subject/4848115/","https://img3.doubanio.com/view/photo/s_ratio_poster/public/p709670262.jpg","导演: 藤森雅也 Masaya Fujimori   主演: 山口胜平 Kappei Yamaguchi / 爱河...\n                            2010 / 日本 / 剧情 动画 儿童","感情不分食草或者食肉。"
"二十二","8.7","https://movie.douban.com/subject/26430107/","https://img1.doubanio.com/view/photo/s_ratio_poster/public/p2457609817.jpg","导演: 郭柯 Ke Guo   主演: \n                            2015 / 中国大陆 / 纪录片","有一些东西不应该被遗忘。"
"被解救的姜戈 / Django Unchained","8.6","https://movie.douban.com/subject/6307447/","https://img1.doubanio.com/view/photo/s_ratio_poster/public/p1959232369.jpg","导演: 昆汀·塔伦蒂诺 Quentin Tarantino   主演: 杰米·福克斯 Jamie Foxx /...\n                            2012 / 美国 / 剧情 动作 西部 冒险","热血沸腾，那个低俗、性感的无耻混蛋又来了。"
"头脑特工队 / Inside Out","8.7","https://movie.douban.com/subject/10533913/","https://img3.doubanio.com/view/photo/s_ratio_poster/public/p2266293606.jpg","导演: 彼特·道格特 Pete Docter / 罗纳尔多·德尔·卡门 Ronaldo Del Carmen  &nb...\n                            2015 / 美国 / 喜剧 动画 冒险","愿我们都不用长大，每一座城堡都能永远存在。"
"燃情岁月 / Legends of the Fall","8.7","https://movie.douban.com/subject/1295865/","https://img1.doubanio.com/view/photo/s_ratio_poster/public/p1023654037.jpg","导演: 爱德华·兹威克 Edward Zwick   主演: 布拉德·皮特 Brad Pitt / 安东...\n                            1994 / 美国 / 剧情 爱情 战争 西部","传奇，不是每个人都可以拥有。"
"冰川时代 / Ice Age","8.5","https://movie.douban.com/subject/1291578/","https://img1.doubanio.com/view/photo/s_ratio_poster/public/p1910895719.jpg","导演: 卡洛斯·沙尔丹哈 Carlos Saldanha / 克里斯·韦奇 Chris Wedge   主演...\n                            2002 / 美国 / 喜剧 动画 冒险","松鼠才是角儿。"
"无敌破坏王 / Wreck-It Ralph","8.7","https://movie.douban.com/subject/6534248/","https://img3.doubanio.com/view/photo/s_ratio_poster/public/p1735642656.jpg","导演: 瑞奇·莫尔 Rich Moore   主演: 约翰·C·赖利 John C. Reilly / 萨拉...\n                            2012 / 美国 / 喜剧 动画 奇幻 冒险","迪士尼和皮克斯拿错剧本的产物。"
"你的名字。 / 君の名は。","8.4","https://movie.douban.com/subject/26683290/","https://img1.doubanio.com/view/photo/s_ratio_poster/public/p2395733377.jpg","导演: 新海诚 Makoto Shinkai   主演: 神木隆之介 Ryûnosuke Kamiki / 上...\n                            2016 / 日本 / 剧情 爱情 动画","穿越错位的时空，仰望陨落的星辰，你没留下你的名字，我却无法忘记那句“我爱你”。"
"我是山姆 / I Am Sam","8.9","https://movie.douban.com/subject/1306861/","https://img3.doubanio.com/view/photo/s_ratio_poster/public/p652417775.jpg","导演: 杰茜·尼尔森 Jessie Nelson   主演: Sean Penn / Dakota Fanning / Mi...\n                            2001 / 美国 / 剧情 家庭","爱并不需要智商 。"
"雨中曲 / Singin' in the Rain","9.0","https://movie.douban.com/subject/1293460/","https://img3.doubanio.com/view/photo/s_ratio_poster/public/p1612355875.jpg","导演: 斯坦利·多南 Stanley Donen / 吉恩·凯利 Gene Kelly   主演: 吉恩·...\n                            1952 / 美国 / 喜剧 歌舞 爱情","骨灰级歌舞片。"
"人工智能 / Artificial Intelligence: AI","8.6","https://movie.douban.com/subject/1302827/","https://img1.doubanio.com/view/photo/s_ratio_poster/public/p792257137.jpg","导演: 史蒂文·斯皮尔伯格 Steven Spielberg   主演: 海利·乔·奥斯蒙 Haley...\n                            2001 / 美国 / 冒险 剧情 科幻","对爱的执着，可以超越一切。"
"爆裂鼓手 / Whiplash","8.6","https://movie.douban.com/subject/25773932/","https://img3.doubanio.com/view/photo/s_ratio_poster/public/p2220776342.jpg","导演: 达米恩·查泽雷 Damien Chazelle   主演: 迈尔斯·特勒 Miles Teller /...\n                            2014 / 美国 / 剧情 音乐","这个世界从不善待努力的人，努力了也不一定会成功，但是知道自己在努力，就是活下去的动力。"
"穿越时空的少女 / 時をかける少女","8.6","https://movie.douban.com/subject/1937946/","https://img3.doubanio.com/view/photo/s_ratio_poster/public/p2079334286.jpg","导演: 细田守 Mamoru Hosoda   主演: 仲里依纱 Riisa Naka / 石田卓也 Takuya...\n                            2006 / 日本 / 剧情 爱情 科幻 动画","爱上未来的你。"
"魂断蓝桥 / Waterloo Bridge","8.8","https://movie.douban.com/subject/1293964/","https://img1.doubanio.com/view/photo/s_ratio_poster/public/p2351134499.jpg","导演: 茂文·勒鲁瓦 Mervyn LeRoy   主演: 费雯·丽 Vivien Leigh / 罗伯特·...\n                            1940 / 美国 / 剧情 爱情 战争","中国式内在的美国电影。"
"未麻的部屋 / Perfect Blue","8.9","https://movie.douban.com/subject/1395091/","https://img3.doubanio.com/view/photo/s_ratio_poster/public/p1351050722.jpg","导演: 今敏 Satoshi Kon   主演: 岩男润子 Junko Iwao / 松本梨香 Rica Matsu...\n                            1997 / 日本 / 动画 奇幻 惊悚","好的剧本是，就算你猜到了结局也猜不到全部。"
"三块广告牌 / Three Billboards Outside Ebbing, Missouri","8.7","https://movie.douban.com/subject/26611804/","https://img1.doubanio.com/view/photo/s_ratio_poster/public/p2510081688.jpg","导演: 马丁·麦克唐纳 Martin McDonagh   主演: 弗兰西斯·麦克多蒙德 France...\n                            2017 / 美国 英国 / 剧情 犯罪",""
"猜火车 / Trainspotting","8.5","https://movie.douban.com/subject/1292528/","https://img1.doubanio.com/view/photo/s_ratio_poster/public/p513567548.jpg","导演: 丹尼·博伊尔 Danny Boyle   主演: 伊万·麦克格雷格 Ewan McGregor / ...\n                            1996 / 英国 / 剧情 犯罪","不可猜的青春迷笛。"
"模仿游戏 / The Imitation Game","8.6","https://movie.douban.com/subject/10463953/","https://img3.doubanio.com/view/photo/s_ratio_poster/public/p2255040492.jpg","导演: 莫滕·泰杜姆 Morten Tyldum   主演: 本尼迪克特·康伯巴奇 Benedict C...\n                            2014 / 英国 美国 / 剧情 传记 战争 同性","他给机器起名“克里斯托弗”，因为这是他初恋的名字。"
"一个叫欧维的男人决定去死 / En man som heter Ove","8.8","https://movie.douban.com/subject/26628357/","https://img3.doubanio.com/view/photo/s_ratio_poster/public/p2406624993.jpg","导演: 汉内斯·赫尔姆 Hannes Holm   主演: 罗夫·拉斯加德 Rolf Lassgård...\n                            2015 / 瑞典 / 剧情","惠及一生的美丽。"
"房间 / Room","8.8","https://movie.douban.com/subject/25724855/","https://img3.doubanio.com/view/photo/s_ratio_poster/public/p2259715855.jpg","导演: 伦尼·阿伯拉罕森 Lenny Abrahamson   主演: 布丽·拉尔森 Brie Larson...\n                            2015 / 爱尔兰 加拿大 英国 美国 / 剧情 家庭","被偷走的岁月，被伤害的生命，被禁锢的灵魂，终将被希望和善意救赎。"
"完美陌生人 / Perfetti sconosciuti","8.6","https://movie.douban.com/subject/26614893/","https://img3.doubanio.com/view/photo/s_ratio_poster/public/p2522331945.jpg","导演: 保罗·格诺维瑟 Paolo Genovese   主演: 马可·贾利尼 Marco Giallini ...\n                            2016 / 意大利 / 剧情 喜剧","来啊，互相伤害啊！"
"忠犬八公物语 / ハチ公物語","9.1","https://movie.douban.com/subject/1959195/","https://img3.doubanio.com/view/photo/s_ratio_poster/public/p1576418852.jpg","导演: Seijirô Kôyama   主演: 山本圭 Kei Yamamoto / 井川比佐志 Hisa...\n                            1987 / 日本 / 剧情","养狗三日，便会对你终其一生。"
"罗生门 / 羅生門","8.7","https://movie.douban.com/subject/1291879/","https://img1.doubanio.com/view/photo/s_ratio_poster/public/p1864872647.jpg","导演: 黑泽明 Akira Kurosawa   主演: 三船敏郎 Toshirô Mifune / 千秋实 ...\n                            1950 / 日本 / 犯罪 剧情 悬疑","人生的N种可能性。"
"恐怖游轮 / Triangle","8.4","https://movie.douban.com/subject/3011051/","https://img3.doubanio.com/view/photo/s_ratio_poster/public/p462470694.jpg","导演: 克里斯托弗·史密斯 Christopher Smith   主演: 梅利莎·乔治 Melissa ...\n                            2009 / 英国 澳大利亚 / 剧情 悬疑 惊悚","不要企图在重复中寻找已经失去的爱。"
"魔女宅急便 / 魔女の宅急便","8.5","https://movie.douban.com/subject/1307811/","https://img3.doubanio.com/view/photo/s_ratio_poster/public/p456676352.jpg","导演: 宫崎骏 Hayao Miyazaki   主演: 高山南 Minami Takayama / 佐久间玲 Re...\n                            1989 / 日本 / 动画 奇幻 冒险","宫崎骏的电影总让人感觉世界是美好的，阳光明媚的。"
"阿飞正传 / 阿飛正傳","8.5","https://movie.douban.com/subject/1305690/","https://img3.doubanio.com/view/photo/s_ratio_poster/public/p2525770523.jpg","导演: 王家卫 Kar Wai Wong   主演: 张国荣 Leslie Cheung / 张曼玉 Maggie C...\n                            1990 / 香港 / 犯罪 剧情 爱情","王家卫是一种风格，张国荣是一个代表。"
"香水 / Perfume: The Story of a Murderer","8.5","https://movie.douban.com/subject/1760622/","https://img1.doubanio.com/view/photo/s_ratio_poster/public/p470006658.jpg","导演: 汤姆·提克威 Tom Tykwer   主演: 本·卫肖 Ben Whishaw / 艾伦·瑞克...\n                            2006 / 德国 法国 西班牙 美国 / 剧情 犯罪 奇幻","一个单凭体香达到高潮的男人。"
"浪潮 / Die Welle","8.7","https://movie.douban.com/subject/2297265/","https://img3.doubanio.com/view/photo/s_ratio_poster/public/p1344888983.jpg","导演: 丹尼斯·甘塞尔 Dennis Gansel   主演: 尤尔根·沃格尔 Jürgen Vogel ...\n                            2008 / 德国 / 剧情 惊悚","世界离独裁只有五天。"
"朗读者 / The Reader","8.5","https://movie.douban.com/subject/2213597/","https://img1.doubanio.com/view/photo/s_ratio_poster/public/p1140984198.jpg","导演: 史蒂芬·戴德利 Stephen Daldry   主演: 凯特·温丝莱特 Kate Winslet ...\n                            2008 / 美国 德国 / 剧情 爱情","当爱情跨越年龄的界限，它似乎能变得更久远一点，成为一种责任，一种水到渠成的相濡以沫。"
"哪吒闹海","8.9","https://movie.douban.com/subject/1307315/","https://img3.doubanio.com/view/photo/s_ratio_poster/public/p2516566783.jpg","导演: 严定宪 Dingxian Yan / 王树忱 Shuchen Wang   主演: 梁正晖 Zhenghui ...\n                            1979 / 中国大陆 / 冒险 动画 奇幻","想你时你在闹海。"
"可可西里","8.7","https://movie.douban.com/subject/1308857/","https://img3.doubanio.com/view/photo/s_ratio_poster/public/p2363208684.jpg","导演: 陆川 Chuan Lu   主演: 多布杰 Duobujie / 张磊 Lei Zhang / 亓亮 Qi L...\n                            2004 / 中国大陆 香港 / 剧情 犯罪","坚硬的信仰。"
"黑客帝国3：矩阵革命 / The Matrix Revolutions","8.6","https://movie.douban.com/subject/1302467/","https://img1.doubanio.com/view/photo/s_ratio_poster/public/p443461818.jpg","导演: Andy Wachowski / Larry Wachowski   主演: 基努·里维斯 Keanu Reeves...\n                            2003 / 美国 澳大利亚 / 动作 科幻","不得不说，《黑客帝国》系列是商业片与科幻、哲学完美结合的典范。"
"海街日记 / 海街diary","8.7","https://movie.douban.com/subject/25895901/","https://img1.doubanio.com/view/photo/s_ratio_poster/public/p2232247487.jpg","导演: 是枝裕和 Hirokazu Koreeda   主演: 绫濑遥 Haruka Ayase / 长泽雅美 M...\n                            2015 / 日本 / 剧情 家庭","是枝裕和的家庭习作。"
"战争之王 / Lord of War","8.6","https://movie.douban.com/subject/1419936/","https://img3.doubanio.com/view/photo/s_ratio_poster/public/p453719066.jpg","导演: 安德鲁·尼科尔 Andrew Niccol   主演: 尼古拉斯·凯奇 Nicolas Cage /...\n                            2005 / 美国 法国 / 剧情 犯罪","做一颗让别人需要你的棋子。"
"谍影重重 / The Bourne Identity","8.5","https://movie.douban.com/subject/1304102/","https://img3.doubanio.com/view/photo/s_ratio_poster/public/p1597183981.jpg","导演: 道格·里曼 Doug Liman   主演: 马特·达蒙 Matt Damon / 弗兰卡·波坦...\n                            2002 / 美国 德国 捷克 / 动作 悬疑 惊悚","哗啦啦啦啦，天在下雨，哗啦啦啦啦，云在哭泣……找自己。"
"谍影重重2 / The Bourne Supremacy","8.6","https://movie.douban.com/subject/1308767/","https://img3.doubanio.com/view/photo/s_ratio_poster/public/p667644866.jpg","导演: 保罗·格林格拉斯 Paul Greengrass   主演: 马特·达蒙 Matt Damon / ...\n                            2004 / 美国 德国 / 动作 悬疑 惊悚","谁说王家卫镜头很晃？"
"牯岭街少年杀人事件 / 牯嶺街少年殺人事件","8.8","https://movie.douban.com/subject/1292329/","https://img3.doubanio.com/view/photo/s_ratio_poster/public/p848381236.jpg","导演: 杨德昌 Edward Yang   主演: 张震 Chen Chang / 杨静怡 Lisa Yang / 张...\n                            1991 / 台湾 / 剧情 犯罪","弱者送给弱者的一刀。"
"地球上的星星 / Taare Zameen Par","8.9","https://movie.douban.com/subject/2363506/","https://img3.doubanio.com/view/photo/s_ratio_poster/public/p1973489335.jpg","导演: 阿米尔·汗 Aamir Khan   主演: 达席尔·萨法瑞 Darsheel Safary / 阿...\n                            2007 / 印度 / 剧情 儿童 家庭","天使保护事件始末。"
"一次别离 / جدایی نادر از سیمین","8.7","https://movie.douban.com/subject/5964718/","https://img3.doubanio.com/view/photo/s_ratio_poster/public/p2189835254.jpg","导演: 阿斯哈·法哈蒂  Asghar Farhadi   主演: 佩曼·莫阿迪 Peyman Moadi /...\n                            2011 / 伊朗 法国 / 剧情 家庭","只有有信仰的人才能说出事实真相。"
"青蛇","8.5","https://movie.douban.com/subject/1303394/","https://img3.doubanio.com/view/photo/s_ratio_poster/public/p584021784.jpg","导演: 徐克 Hark Tsui   主演: 张曼玉 Maggie Cheung / 王祖贤 Joey Wang / ...\n                            1993 / 香港 / 剧情 爱情 奇幻 古装","人生如此，浮生如斯。谁人言，花彼岸，此生情长意短。谁都是不懂爱的罢了。"
"追随 / Following","8.9","https://movie.douban.com/subject/1397546/","https://img1.doubanio.com/view/photo/s_ratio_poster/public/p1150103377.jpg","导演: 克里斯托弗·诺兰 Christopher Nolan   主演: 杰里米·西奥伯德 Jeremy...\n                            1998 / 英国 / 犯罪 悬疑 惊悚","诺兰的牛逼来源于内心散发出的恐惧。"
"惊魂记 / Psycho","8.9","https://movie.douban.com/subject/1293181/","https://img3.doubanio.com/view/photo/s_ratio_poster/public/p1021883305.jpg","导演: Alfred Hitchcock   主演: Janet Leigh / Anthony Perkins / Vera Miles\n                            1960 / 美国 / 悬疑 惊悚 恐怖","故事的反转与反转，分裂电影的始祖。"
"疯狂的石头","8.4","https://movie.douban.com/subject/1862151/","https://img3.doubanio.com/view/photo/s_ratio_poster/public/p712241453.jpg","导演: 宁浩 Hao Ning   主演: 郭涛 Tao Guo / 刘桦 Hua Liu / 连晋 Teddy Lin\n                            2006 / 中国大陆 香港 / 喜剧 犯罪","中国版《两杆大烟枪》。"
"终结者2：审判日 / Terminator 2: Judgment Day","8.6","https://movie.douban.com/subject/1291844/","https://img3.doubanio.com/view/photo/s_ratio_poster/public/p1910909085.jpg","导演: 詹姆斯·卡梅隆 James Cameron   主演: 阿诺·施瓦辛格 Arnold Schwarz...\n                            1991 / 美国 法国 / 动作 科幻","少见的超越首部的续集，动作片中的经典。"
"小萝莉的猴神大叔 / Bajrangi Bhaijaan","8.5","https://movie.douban.com/subject/26393561/","https://img3.doubanio.com/view/photo/s_ratio_poster/public/p2510956726.jpg","导演: 卡比尔·汗 Kabir Khan   主演: 萨尔曼·汗 Salman Khan / 哈莎莉·马...\n                            2015 / 印度 / 剧情 喜剧 动作","宝莱坞的萝莉与大叔。"
"源代码 / Source Code","8.4","https://movie.douban.com/subject/3075287/","https://img3.doubanio.com/view/photo/s_ratio_poster/public/p988260245.jpg","导演: 邓肯·琼斯 Duncan Jones   主演: 杰克·吉伦哈尔 Jake Gyllenhaal / ...\n                            2011 / 美国 加拿大 / 科幻 悬疑 惊悚","邓肯·琼斯继《月球》之后再度奉献出一部精彩绝伦的科幻佳作。"
"撞车 / Crash","8.6","https://movie.douban.com/subject/1388216/","https://img1.doubanio.com/view/photo/s_ratio_poster/public/p659411589.jpg","导演: 保罗·哈吉斯 Paul Haggis   主演: 桑德拉·布洛克 Sandra Bullock / ...\n                            2004 / 美国 德国 / 犯罪 剧情","天使与魔鬼的冲撞。"
"步履不停 / 歩いても 歩いても","8.8","https://movie.douban.com/subject/2222996/","https://img1.doubanio.com/view/photo/s_ratio_poster/public/p672446737.jpg","导演: 是枝裕和 Hirokazu Koreeda   主演: 阿部宽 Hiroshi Abe / 夏川结衣 Yu...\n                            2008 / 日本 / 剧情 家庭","日本的家庭电影已经是世界巅峰了，步履不停是巅峰中的佳作。"
"再次出发之纽约遇见你 / Begin Again","8.5","https://movie.douban.com/subject/6874403/","https://img3.doubanio.com/view/photo/s_ratio_poster/public/p2250287733.jpg","导演: 约翰·卡尼 John Carney   主演: 凯拉·奈特莉 Keira Knightley / 马克...\n                            2013 / 美国 / 喜剧 爱情 音乐","爱我就给我看你的播放列表。"
"新龙门客栈 / 新龍門客棧","8.5","https://movie.douban.com/subject/1292287/","https://img1.doubanio.com/view/photo/s_ratio_poster/public/p1421018669.jpg","导演: 李惠民 Raymond Lee   主演: 张曼玉 Maggie Cheung / 林青霞 Brigitte ...\n                            1992 / 香港 中国大陆 / 动作 爱情 武侠 古装","嬉笑怒骂，调风动月。"
"初恋这件小事 / สิ่งเล็กเล็กที่เรียกว่า...รัก","8.3","https://movie.douban.com/subject/4739952/","https://img3.doubanio.com/view/photo/s_ratio_poster/public/p1505312273.jpg","导演: 普特鹏·普罗萨卡·那·萨克那卡林 Puttipong Promsaka Na Sakolnakorn / 华森·波克彭...\n                            2010 / 泰国 / 剧情 喜剧 爱情","黑小鸭速效美白记。"
"梦之安魂曲 / Requiem for a Dream","8.7","https://movie.douban.com/subject/1292270/","https://img3.doubanio.com/view/photo/s_ratio_poster/public/p884936202.jpg","导演: 达伦·阿伦诺夫斯基 Darren Aronofsky   主演: 艾伦·伯斯汀 Ellen Bur...\n                            2000 / 美国 / 剧情","一场没有春天的噩梦。"
"爱在午夜降临前 / Before Midnight","8.8","https://movie.douban.com/subject/10808442/","https://img1.doubanio.com/view/photo/s_ratio_poster/public/p2074715729.jpg","导演: 理查德·林克莱特 Richard Linklater   主演: 伊桑·霍克 Ethan Hawke ...\n                            2013 / 美国 希腊 / 剧情 爱情","所谓爱情，就是话唠一路，都不会心生腻烦，彼此嫌弃。"
"天书奇谭","9.1","https://movie.douban.com/subject/1428581/","https://img3.doubanio.com/view/photo/s_ratio_poster/public/p842504080.jpg","导演: 王树忱 Shuchen Wang / 钱运达 Yunda Qian   主演: 丁建华 Jianhua Din...\n                            1983(中国大陆) / 2019(中国大陆重映) / 中国大陆 / 动画 奇幻","传奇的年代，醉人的童话。"
"东京物语 / 東京物語","9.2","https://movie.douban.com/subject/1291568/","https://img3.doubanio.com/view/photo/s_ratio_poster/public/p1910832390.jpg","导演: 小津安二郎 Yasujirô Ozu   主演: 笠智众 Chishû Ryû / 原节...\n                            1953 / 日本 / 剧情 家庭","东京那么大，如果有一天走失了，恐怕一辈子不能再相见。"
"无耻混蛋 / Inglourious Basterds","8.5","https://movie.douban.com/subject/1438652/","https://img3.doubanio.com/view/photo/s_ratio_poster/public/p770734475.jpg","导演: Quentin Tarantino   主演: 布拉德·皮特 Brad Pitt / 梅拉尼·罗兰 M...\n                            2009 / 美国 德国 / 剧情 犯罪","昆汀同学越来越变态了，比北野武还杜琪峰。"
"城市之光 / City Lights","9.3","https://movie.douban.com/subject/1293908/","https://img3.doubanio.com/view/photo/s_ratio_poster/public/p2170238803.jpg","导演: Charles Chaplin   主演: 查理·卓别林 Charles Chaplin / 弗吉尼亚·...\n                            1931 / 美国 / 喜剧 剧情 爱情","永远的小人物，伟大的卓别林。"
"绿里奇迹 / The Green Mile","8.7","https://movie.douban.com/subject/1300374/","https://img3.doubanio.com/view/photo/s_ratio_poster/public/p767586451.jpg","导演: Frank Darabont   主演: 汤姆·汉克斯 Tom Hanks / 大卫·摩斯 David M...\n                            1999 / 美国 / 犯罪 剧情 奇幻 悬疑","天使暂时离开。"
"海蒂和爷爷 / Heidi","9.1","https://movie.douban.com/subject/25958717/","https://img3.doubanio.com/view/photo/s_ratio_poster/public/p2332944143.jpg","导演: 阿兰·葛斯彭纳 Alain Gsponer   主演: 阿努克·斯特芬 Anuk Steffen /...\n                            2015 / 德国 瑞士 南非 / 剧情 冒险 家庭",""
"彗星来的那一夜 / Coherence","8.5","https://movie.douban.com/subject/25807345/","https://img3.doubanio.com/view/photo/s_ratio_poster/public/p2187896711.jpg","导演: 詹姆斯·沃德·布柯特 James Ward Byrkit   主演: 艾米丽·芭尔多尼 Em...\n                            2013 / 美国 英国 / 科幻 悬疑 惊悚","小成本大魅力。"
"这个男人来自地球 / The Man from Earth","8.5","https://movie.douban.com/subject/2300586/","https://img3.doubanio.com/view/photo/s_ratio_poster/public/p513303986.jpg","导演: 理查德·沙因克曼 Richard Schenkman   主演: 大卫·李·史密斯 David ...\n                            2007 / 美国 / 剧情 科幻","科幻真正的魅力不是视觉效果能取代的。"
"E.T. 外星人 / E.T.: The Extra-Terrestrial","8.5","https://movie.douban.com/subject/1294638/","https://img3.doubanio.com/view/photo/s_ratio_poster/public/p984732992.jpg","导演: Steven Spielberg   主演: Henry Thomas / Dee Wallace / Robert MacNa...\n                            1982 / 美国 / 剧情 科幻","生病的E.T.皮肤的颜色就像柿子饼。"
"末路狂花 / Thelma & Louise","8.7","https://movie.douban.com/subject/1291992/","https://img3.doubanio.com/view/photo/s_ratio_poster/public/p794583044.jpg","导演: 雷德利·斯科特 Ridley Scott   主演: 吉娜·戴维斯 Geena Davis / 苏...\n                            1991 / 美国 法国 / 犯罪 剧情 惊悚","没有了退路，只好飞向自由。"
"血钻 / Blood Diamond","8.6","https://movie.douban.com/subject/1428175/","https://img3.doubanio.com/view/photo/s_ratio_poster/public/p1244017073.jpg","导演: 爱德华·兹威克 Edward Zwick   主演: 莱昂纳多·迪卡普里奥 Leonardo ...\n                            2006 / 美国 德国 / 剧情 惊悚 冒险","每个美丽事物背后都是滴血的现实。"
"勇闯夺命岛 / The Rock","8.6","https://movie.douban.com/subject/1292728/","https://img3.doubanio.com/view/photo/s_ratio_poster/public/p636048104.jpg","导演: 迈克尔·贝 Michael Bay   主演: 肖恩·康纳利 Sean Connery / 尼古拉...\n                            1996 / 美国 / 动作 冒险","类型片的极致。"
"聚焦 / Spotlight","8.8","https://movie.douban.com/subject/25954475/","https://img1.doubanio.com/view/photo/s_ratio_poster/public/p2263822658.jpg","导演: 托马斯·麦卡锡 Thomas McCarthy   主演: 马克·鲁弗洛 Mark Ruffalo /...\n                            2015 / 美国 / 剧情 传记","新闻人的理性求真。"
"2001太空漫游 / 2001: A Space Odyssey","8.7","https://movie.douban.com/subject/1292226/","https://img3.doubanio.com/view/photo/s_ratio_poster/public/p792189453.jpg","导演: 斯坦利·库布里克 Stanley Kubrick   主演: 凯尔·杜拉 Keir Dullea / ...\n                            1968 / 英国 美国 / 科幻 惊悚 冒险","现代科幻电影的开山之作，最伟大导演的最伟大影片。"
"变脸 / Face/Off","8.4","https://movie.douban.com/subject/1292659/","https://img3.doubanio.com/view/photo/s_ratio_poster/public/p2173855883.jpg","导演: 吴宇森 John Woo   主演: 约翰·特拉沃尔塔 John Travolta / 尼古拉斯...\n                            1997 / 美国 / 动作 科幻 犯罪 惊悚","当发哥的风衣、墨镜出现在了凯奇身上⋯⋯"
"发条橙 / A Clockwork Orange","8.5","https://movie.douban.com/subject/1292233/","https://img3.doubanio.com/view/photo/s_ratio_poster/public/p529908155.jpg","导演: Stanley Kubrick   主演: Malcolm McDowell / Patrick Magee / Michael...\n                            1971 / 英国 美国 / 犯罪 剧情 科幻","我完全康复了。"
"秒速5厘米 / 秒速5センチメートル","8.3","https://movie.douban.com/subject/2043546/","https://img3.doubanio.com/view/photo/s_ratio_poster/public/p982896012.jpg","导演: 新海诚 Makoto Shinkai   主演: 水桥研二 Kenji Mizuhashi / 近藤好美 ...\n                            2007 / 日本 / 动画 剧情 爱情","青春就是放弃和怀念。"
"黄金三镖客 / Il buono, il brutto, il cattivo.","9.1","https://movie.douban.com/subject/1401118/","https://img1.doubanio.com/view/photo/s_ratio_poster/public/p2101693489.jpg","导演: Sergio Leone   主演: Clint Eastwood / Eli Wallach / Lee Van Cleef\n                            1966 / 意大利 西班牙 西德 / 冒险 西部","最棒的西部片。"
"黑鹰坠落 / Black Hawk Down","8.6","https://movie.douban.com/subject/1291824/","https://img3.doubanio.com/view/photo/s_ratio_poster/public/p1910900710.jpg","导演: 雷德利·斯科特 Ridley Scott   主演: 乔什·哈奈特 Josh Hartnett / ...\n                            2001 / 美国 / 动作 历史 战争","还原真实而残酷的战争。"
"卡萨布兰卡 / Casablanca","8.6","https://movie.douban.com/subject/1296753/","https://img3.doubanio.com/view/photo/s_ratio_poster/public/p1244791866.jpg","导演: 迈克尔·柯蒂兹 Michael Curtiz   主演: 亨弗莱·鲍嘉 Humphrey Bogart...\n                            1942 / 美国 / 剧情 爱情 战争","世界上有那么多女人那么多酒馆，但她偏偏走进我的这家。"
"非常嫌疑犯 / The Usual Suspects","8.6","https://movie.douban.com/subject/1292214/","https://img3.doubanio.com/view/photo/s_ratio_poster/public/p2537319495.jpg","导演: 布莱恩·辛格 Bryan Singer   主演: 史蒂芬·鲍德温 Stephen Baldwin /...\n                            1995 / 德国 美国 / 剧情 犯罪 悬疑 惊悚","我不信仰上帝，但我敬畏上帝。"
"国王的演讲 / The King's Speech","8.3","https://movie.douban.com/subject/4023638/","https://img1.doubanio.com/view/photo/s_ratio_poster/public/p768879237.jpg","导演: 汤姆·霍珀 Tom Hooper   主演: 柯林·菲尔斯 Colin Firth / 杰弗里·...\n                            2010 / 英国 澳大利亚 美国 / 剧情 传记 历史","皇上无话儿。"
"我爱你 / 그대를 사랑합니다","9.0","https://movie.douban.com/subject/5908478/","https://img1.doubanio.com/view/photo/s_ratio_poster/public/p1075591188.jpg","导演: 秋昌民 Chang-min Choo   主演: 宋在河 Jae-ho Song / 李顺载 Soon-jae...\n                            2011 / 韩国 / 剧情 爱情","你要相信，这世上真的有爱存在，不管在什么年纪"
"千钧一发 / Gattaca","8.7","https://movie.douban.com/subject/1300117/","https://img3.doubanio.com/view/photo/s_ratio_poster/public/p2195672555.jpg","导演: 安德鲁·尼科尔 Andrew Niccol   主演: 伊桑·霍克 Ethan Hawke / 乌玛...\n                            1997 / 美国 / 剧情 科幻 惊悚","一部能引人思考的科幻励志片。"
"美国丽人 / American Beauty","8.5","https://movie.douban.com/subject/1292062/","https://img3.doubanio.com/view/photo/s_ratio_poster/public/p571671715.jpg","导演: 萨姆·门德斯 Sam Mendes   主演: 凯文·史派西 Kevin Spacey / 安妮特...\n                            1999 / 美国 / 剧情 爱情 家庭","每个人的内心都是深不可测的大海。"
"遗愿清单 / The Bucket List","8.5","https://movie.douban.com/subject/1867345/","https://img3.doubanio.com/view/photo/s_ratio_poster/public/p708613284.jpg","导演: 罗伯·莱纳 Rob Reiner   主演: 杰克·尼科尔森 Jack Nicholson / 摩根...\n                            2007 / 美国 / 冒险 喜剧 剧情","用剩余不多的时间，去燃烧整个生命。"
"碧海蓝天 / Le grand bleu","8.7","https://movie.douban.com/subject/1300960/","https://img3.doubanio.com/view/photo/s_ratio_poster/public/p455722535.jpg","导演: Luc Besson   主演: 让-马克·巴尔 Jean-Marc Barr / 让·雷诺 Jean Re...\n                            1988 / 法国 美国 意大利 / 剧情 爱情","在那片深蓝中，感受来自大海的忧伤寂寞与美丽自由。"
"功夫","8.3","https://movie.douban.com/subject/1291543/","https://img1.doubanio.com/view/photo/s_ratio_poster/public/p2219011938.jpg","导演: 周星驰 Stephen Chow   主演: 周星驰 Stephen Chow / 元秋 Qiu Yuen / ...\n                            2004 / 中国大陆 香港 / 动作 喜剧 犯罪 奇幻",""
"疯狂的麦克斯4：狂暴之路 / Mad Max: Fury Road","8.6","https://movie.douban.com/subject/3592854/","https://img3.doubanio.com/view/photo/s_ratio_poster/public/p2236181653.jpg","导演: 乔治·米勒 George Miller   主演: 汤姆·哈迪 Tom Hardy / 查理兹·塞...\n                            2015 / 澳大利亚 美国 / 动作 科幻 冒险",""
"荒岛余生 / Cast Away","8.5","https://movie.douban.com/subject/1298653/","https://img3.doubanio.com/view/photo/s_ratio_poster/public/p2207673534.jpg","导演: 罗伯特·泽米吉斯 Robert Zemeckis   主演: 汤姆·汉克斯 Tom Hanks / ...\n                            2000 / 美国 / 冒险 剧情","一个人的独角戏。"
"英国病人 / The English Patient","8.5","https://movie.douban.com/subject/1291853/","https://img3.doubanio.com/view/photo/s_ratio_poster/public/p2408623752.jpg","导演: 安东尼·明格拉 Anthony Minghella   主演: 拉尔夫·费因斯 Ralph Fien...\n                            1996 / 美国 英国 / 爱情 剧情 战争","In memory, love lives forever..."
"荒野生存 / Into the Wild","8.6","https://movie.douban.com/subject/1905462/","https://img1.doubanio.com/view/photo/s_ratio_poster/public/p465687407.jpg","导演: 西恩·潘 Sean Penn   主演: 埃米尔·赫斯基 Emile Hirsch / 马西娅·...\n                            2007 / 美国 / 冒险 传记 剧情","出门必备：本草纲目。"
"海盗电台 / The Boat That Rocked","8.6","https://movie.douban.com/subject/3007773/","https://img3.doubanio.com/view/photo/s_ratio_poster/public/p769608791.jpg","导演: 理查德·柯蒂斯 Richard Curtis   主演: 比尔·奈伊 Bill Nighy / 肯尼...\n                            2009 / 英国 德国 法国 / 剧情 喜剧 音乐","生命不止，摇滚不死。"
"枪火 / 鎗火","8.7","https://movie.douban.com/subject/1300741/","https://img3.doubanio.com/view/photo/s_ratio_poster/public/p1538646661.jpg","导演: 杜琪峰 Johnnie To   主演: 吴镇宇 Francis Ng / 任达华 Simon Yam / ...\n                            1999 / 香港 / 剧情 动作 犯罪","一群演技精湛的戏骨，奉献出一个精致的黑帮小品，成就杜琪峰群戏的巅峰之作。"
"驴得水","8.3","https://movie.douban.com/subject/25921812/","https://img3.doubanio.com/view/photo/s_ratio_poster/public/p2393044761.jpg","导演: 周申 Shen Zhou / 刘露 Lu Liu   主演: 任素汐 Suxi Ren / 大力 Da Li ...\n                            2016 / 中国大陆 / 剧情 喜剧",""
